secid,date,spot_price,ticker
109820.0,2022-01-03,477.71,SPY
109820.0,2022-01-04,477.55,SPY
109820.0,2022-01-05,468.38,SPY
109820.0,2022-01-06,467.94,SPY
109820.0,2022-01-07,466.09,SPY
109820.0,2022-01-10,465.51,SPY
109820.0,2022-01-11,469.75,SPY
109820.0,2022-01-12,471.02,SPY
109820.0,2022-01-13,464.53,SPY
109820.0,2022-01-14,464.72,SPY
109820.0,2022-01-18,456.49,SPY
109820.0,2022-01-19,451.75,SPY
109820.0,2022-01-20,446.75,SPY
109820.0,2022-01-21,437.98,SPY
109820.0,2022-01-24,439.84,SPY
109820.0,2022-01-25,434.47,SPY
109820.0,2022-01-26,433.38,SPY
109820.0,2022-01-27,431.24,SPY
109820.0,2022-01-28,441.95,SPY
109820.0,2022-01-31,449.91,SPY
109820.0,2022-02-01,452.95,SPY
109820.0,2022-02-02,457.35,SPY
109820.0,2022-02-03,446.6,SPY
109820.0,2022-02-04,448.7,SPY
109820.0,2022-02-07,447.26,SPY
109820.0,2022-02-08,450.94,SPY
109820.0,2022-02-09,457.54,SPY
109820.0,2022-02-10,449.32,SPY
109820.0,2022-02-11,440.46,SPY
109820.0,2022-02-14,439.02,SPY
109820.0,2022-02-15,446.1,SPY
109820.0,2022-02-16,446.6,SPY
109820.0,2022-02-17,437.06,SPY
109820.0,2022-02-18,434.23,SPY
109820.0,2022-02-22,429.57,SPY
109820.0,2022-02-23,421.95,SPY
109820.0,2022-02-24,428.3,SPY
109820.0,2022-02-25,437.75,SPY
109820.0,2022-02-28,436.63,SPY
109820.0,2022-03-01,429.98,SPY
109820.0,2022-03-02,437.89,SPY
109820.0,2022-03-03,435.71,SPY
109820.0,2022-03-04,432.17,SPY
109820.0,2022-03-07,419.43,SPY
109820.0,2022-03-08,416.25,SPY
109820.0,2022-03-09,427.41,SPY
109820.0,2022-03-10,425.48,SPY
109820.0,2022-03-11,420.07,SPY
109820.0,2022-03-14,417.0,SPY
109820.0,2022-03-15,426.17,SPY
109820.0,2022-03-16,435.62,SPY
109820.0,2022-03-17,441.07,SPY
109820.0,2022-03-18,444.52,SPY
109820.0,2022-03-21,444.39,SPY
109820.0,2022-03-22,449.59,SPY
109820.0,2022-03-23,443.8,SPY
109820.0,2022-03-24,450.49,SPY
109820.0,2022-03-25,452.69,SPY
109820.0,2022-03-28,455.91,SPY
109820.0,2022-03-29,461.55,SPY
109820.0,2022-03-30,458.7,SPY
109820.0,2022-03-31,451.64,SPY
109820.0,2022-04-01,452.92,SPY
109820.0,2022-04-04,456.8,SPY
109820.0,2022-04-05,451.03,SPY
109820.0,2022-04-06,446.52,SPY
109820.0,2022-04-07,448.77,SPY
109820.0,2022-04-08,447.57,SPY
109820.0,2022-04-11,439.92,SPY
109820.0,2022-04-12,438.29,SPY
109820.0,2022-04-13,443.31,SPY
109820.0,2022-04-14,437.79,SPY
109820.0,2022-04-18,437.97,SPY
109820.0,2022-04-19,445.04,SPY
109820.0,2022-04-20,444.71,SPY
109820.0,2022-04-21,438.06,SPY
109820.0,2022-04-22,426.04,SPY
109820.0,2022-04-25,428.51,SPY
109820.0,2022-04-26,416.1,SPY
109820.0,2022-04-27,417.27,SPY
109820.0,2022-04-28,427.81,SPY
109820.0,2022-04-29,412.0,SPY
109820.0,2022-05-02,414.48,SPY
109820.0,2022-05-03,416.38,SPY
109820.0,2022-05-04,429.06,SPY
109820.0,2022-05-05,413.81,SPY
109820.0,2022-05-06,411.34,SPY
109820.0,2022-05-09,398.17,SPY
109820.0,2022-05-10,399.09,SPY
109820.0,2022-05-11,392.75,SPY
109820.0,2022-05-12,392.34,SPY
109820.0,2022-05-13,401.72,SPY
109820.0,2022-05-16,400.09,SPY
109820.0,2022-05-17,408.32,SPY
109820.0,2022-05-18,391.86,SPY
109820.0,2022-05-19,389.46,SPY
109820.0,2022-05-20,389.63,SPY
109820.0,2022-05-23,396.92,SPY
109820.0,2022-05-24,393.89,SPY
109820.0,2022-05-25,397.37,SPY
109820.0,2022-05-26,405.31,SPY
109820.0,2022-05-27,415.26,SPY
109820.0,2022-05-31,412.93,SPY
109820.0,2022-06-01,409.59,SPY
109820.0,2022-06-02,417.39,SPY
109820.0,2022-06-03,410.54,SPY
109820.0,2022-06-06,411.79,SPY
109820.0,2022-06-07,415.74,SPY
109820.0,2022-06-08,411.22,SPY
109820.0,2022-06-09,401.44,SPY
109820.0,2022-06-10,389.8,SPY
109820.0,2022-06-13,375.0,SPY
109820.0,2022-06-14,373.87,SPY
109820.0,2022-06-15,379.2,SPY
109820.0,2022-06-16,366.65,SPY
109820.0,2022-06-17,365.86,SPY
109820.0,2022-06-21,375.07,SPY
109820.0,2022-06-22,374.39,SPY
109820.0,2022-06-23,378.06,SPY
109820.0,2022-06-24,390.08,SPY
109820.0,2022-06-27,388.59,SPY
109820.0,2022-06-28,380.65,SPY
109820.0,2022-06-29,380.34,SPY
109820.0,2022-06-30,377.25,SPY
109820.0,2022-07-01,381.24,SPY
109820.0,2022-07-05,381.96,SPY
109820.0,2022-07-06,383.25,SPY
109820.0,2022-07-07,388.99,SPY
109820.0,2022-07-08,388.67,SPY
109820.0,2022-07-11,384.23,SPY
109820.0,2022-07-12,380.83,SPY
109820.0,2022-07-13,378.83,SPY
109820.0,2022-07-14,377.91,SPY
109820.0,2022-07-15,385.13,SPY
109820.0,2022-07-18,381.95,SPY
109820.0,2022-07-19,392.27,SPY
109820.0,2022-07-20,394.77,SPY
109820.0,2022-07-21,398.79,SPY
109820.0,2022-07-22,395.09,SPY
109820.0,2022-07-25,395.57,SPY
109820.0,2022-07-26,390.89,SPY
109820.0,2022-07-27,401.04,SPY
109820.0,2022-07-28,406.07,SPY
109820.0,2022-07-29,411.99,SPY
109820.0,2022-08-01,410.77,SPY
109820.0,2022-08-02,408.06,SPY
109820.0,2022-08-03,414.45,SPY
109820.0,2022-08-04,414.17,SPY
109820.0,2022-08-05,413.47,SPY
109820.0,2022-08-08,412.99,SPY
109820.0,2022-08-09,411.35,SPY
109820.0,2022-08-10,419.99,SPY
109820.0,2022-08-11,419.99,SPY
109820.0,2022-08-12,427.1,SPY
109820.0,2022-08-15,428.86,SPY
109820.0,2022-08-16,429.7,SPY
109820.0,2022-08-17,426.65,SPY
109820.0,2022-08-18,427.89,SPY
109820.0,2022-08-19,422.14,SPY
109820.0,2022-08-22,413.35,SPY
109820.0,2022-08-23,412.35,SPY
109820.0,2022-08-24,413.67,SPY
109820.0,2022-08-25,419.51,SPY
109820.0,2022-08-26,405.31,SPY
109820.0,2022-08-29,402.63,SPY
109820.0,2022-08-30,398.21,SPY
109820.0,2022-08-31,395.18,SPY
109820.0,2022-09-01,396.42,SPY
109820.0,2022-09-02,392.24,SPY
109820.0,2022-09-06,390.76,SPY
109820.0,2022-09-07,397.78,SPY
109820.0,2022-09-08,400.38,SPY
109820.0,2022-09-09,406.6,SPY
109820.0,2022-09-12,410.97,SPY
109820.0,2022-09-13,393.1,SPY
109820.0,2022-09-14,394.6,SPY
109820.0,2022-09-15,390.12,SPY
109820.0,2022-09-16,385.56,SPY
109820.0,2022-09-19,388.55,SPY
109820.0,2022-09-20,384.09,SPY
109820.0,2022-09-21,377.39,SPY
109820.0,2022-09-22,374.22,SPY
109820.0,2022-09-23,367.95,SPY
109820.0,2022-09-26,364.31,SPY
109820.0,2022-09-27,363.38,SPY
109820.0,2022-09-28,370.53,SPY
109820.0,2022-09-29,362.79,SPY
109820.0,2022-09-30,357.18,SPY
109820.0,2022-10-03,366.61,SPY
109820.0,2022-10-04,377.97,SPY
109820.0,2022-10-05,377.09,SPY
109820.0,2022-10-06,373.2,SPY
109820.0,2022-10-07,362.79,SPY
109820.0,2022-10-10,360.02,SPY
109820.0,2022-10-11,357.74,SPY
109820.0,2022-10-12,356.56,SPY
109820.0,2022-10-13,365.97,SPY
109820.0,2022-10-14,357.63,SPY
109820.0,2022-10-17,366.82,SPY
109820.0,2022-10-18,371.13,SPY
109820.0,2022-10-19,368.5,SPY
109820.0,2022-10-20,365.41,SPY
109820.0,2022-10-21,374.29,SPY
109820.0,2022-10-24,378.87,SPY
109820.0,2022-10-25,384.92,SPY
109820.0,2022-10-26,382.02,SPY
109820.0,2022-10-27,379.98,SPY
109820.0,2022-10-28,389.02,SPY
109820.0,2022-10-31,386.21,SPY
109820.0,2022-11-01,384.52,SPY
109820.0,2022-11-02,374.87,SPY
109820.0,2022-11-03,371.01,SPY
109820.0,2022-11-04,376.35,SPY
109820.0,2022-11-07,379.95,SPY
109820.0,2022-11-08,382.0,SPY
109820.0,2022-11-09,374.13,SPY
109820.0,2022-11-10,394.69,SPY
109820.0,2022-11-11,398.51,SPY
109820.0,2022-11-14,395.12,SPY
109820.0,2022-11-15,398.49,SPY
109820.0,2022-11-16,395.45,SPY
109820.0,2022-11-17,394.24,SPY
109820.0,2022-11-18,396.03,SPY
109820.0,2022-11-21,394.59,SPY
109820.0,2022-11-22,399.9,SPY
109820.0,2022-11-23,402.42,SPY
109820.0,2022-11-25,402.33,SPY
109820.0,2022-11-28,395.91,SPY
109820.0,2022-11-29,395.23,SPY
109820.0,2022-11-30,407.68,SPY
109820.0,2022-12-01,407.38,SPY
109820.0,2022-12-02,406.91,SPY
109820.0,2022-12-05,399.59,SPY
109820.0,2022-12-06,393.83,SPY
109820.0,2022-12-07,393.16,SPY
109820.0,2022-12-08,396.24,SPY
109820.0,2022-12-09,393.28,SPY
109820.0,2022-12-12,398.95,SPY
109820.0,2022-12-13,401.97,SPY
109820.0,2022-12-14,399.4,SPY
109820.0,2022-12-15,389.63,SPY
109820.0,2022-12-16,383.27,SPY
109820.0,2022-12-19,380.02,SPY
109820.0,2022-12-20,380.54,SPY
109820.0,2022-12-21,386.23,SPY
109820.0,2022-12-22,380.72,SPY
109820.0,2022-12-23,382.91,SPY
109820.0,2022-12-27,381.4,SPY
109820.0,2022-12-28,376.66,SPY
109820.0,2022-12-29,383.44,SPY
109820.0,2022-12-30,382.43,SPY
109820.0,2023-01-03,380.82,SPY
109820.0,2023-01-04,383.76,SPY
109820.0,2023-01-05,379.38,SPY
109820.0,2023-01-06,388.08,SPY
109820.0,2023-01-09,387.86,SPY
109820.0,2023-01-10,390.58,SPY
109820.0,2023-01-11,395.52,SPY
109820.0,2023-01-12,396.96,SPY
109820.0,2023-01-13,398.5,SPY
109820.0,2023-01-17,397.77,SPY
109820.0,2023-01-18,391.49,SPY
109820.0,2023-01-19,388.64,SPY
109820.0,2023-01-20,395.88,SPY
109820.0,2023-01-23,400.63,SPY
109820.0,2023-01-24,400.2,SPY
109820.0,2023-01-25,400.35,SPY
109820.0,2023-01-26,404.75,SPY
109820.0,2023-01-27,405.68,SPY
109820.0,2023-01-30,400.59,SPY
109820.0,2023-01-31,406.48,SPY
109820.0,2023-02-01,410.8,SPY
109820.0,2023-02-02,416.78,SPY
109820.0,2023-02-03,412.35,SPY
109820.0,2023-02-06,409.83,SPY
109820.0,2023-02-07,415.19,SPY
109820.0,2023-02-08,410.65,SPY
109820.0,2023-02-09,407.09,SPY
109820.0,2023-02-10,408.04,SPY
109820.0,2023-02-13,412.83,SPY
109820.0,2023-02-14,412.64,SPY
109820.0,2023-02-15,413.98,SPY
109820.0,2023-02-16,408.28,SPY
109820.0,2023-02-17,407.26,SPY
109820.0,2023-02-21,399.09,SPY
109820.0,2023-02-22,398.54,SPY
109820.0,2023-02-23,400.66,SPY
109820.0,2023-02-24,396.38,SPY
109820.0,2023-02-27,397.73,SPY
109820.0,2023-02-28,396.26,SPY
109820.0,2023-03-01,394.74,SPY
109820.0,2023-03-02,397.81,SPY
109820.0,2023-03-03,404.19,SPY
109820.0,2023-03-06,404.47,SPY
109820.0,2023-03-07,398.27,SPY
109820.0,2023-03-08,398.92,SPY
109820.0,2023-03-09,391.56,SPY
109820.0,2023-03-10,385.91,SPY
109820.0,2023-03-13,385.36,SPY
109820.0,2023-03-14,391.73,SPY
109820.0,2023-03-15,389.28,SPY
109820.0,2023-03-16,396.11,SPY
109820.0,2023-03-17,389.99,SPY
109820.0,2023-03-20,393.74,SPY
109820.0,2023-03-21,398.91,SPY
109820.0,2023-03-22,392.11,SPY
109820.0,2023-03-23,393.17,SPY
109820.0,2023-03-24,395.75,SPY
109820.0,2023-03-27,396.49,SPY
109820.0,2023-03-28,395.6,SPY
109820.0,2023-03-29,401.35,SPY
109820.0,2023-03-30,403.7,SPY
109820.0,2023-03-31,409.39,SPY
109820.0,2023-04-03,410.95,SPY
109820.0,2023-04-04,408.67,SPY
109820.0,2023-04-05,407.6,SPY
109820.0,2023-04-06,409.19,SPY
109820.0,2023-04-10,409.61,SPY
109820.0,2023-04-11,409.72,SPY
109820.0,2023-04-12,408.05,SPY
109820.0,2023-04-13,413.47,SPY
109820.0,2023-04-14,412.46,SPY
109820.0,2023-04-17,413.94,SPY
109820.0,2023-04-18,414.21,SPY
109820.0,2023-04-19,414.14,SPY
109820.0,2023-04-20,411.88,SPY
109820.0,2023-04-21,412.2,SPY
109820.0,2023-04-24,412.63,SPY
109820.0,2023-04-25,406.08,SPY
109820.0,2023-04-26,404.36,SPY
109820.0,2023-04-27,412.41,SPY
109820.0,2023-04-28,415.93,SPY
109820.0,2023-05-01,415.51,SPY
109820.0,2023-05-02,410.84,SPY
109820.0,2023-05-03,408.02,SPY
109820.0,2023-05-04,405.13,SPY
109820.0,2023-05-05,412.63,SPY
109820.0,2023-05-08,412.74,SPY
109820.0,2023-05-09,410.93,SPY
109820.0,2023-05-10,412.85,SPY
109820.0,2023-05-11,412.13,SPY
109820.0,2023-05-12,411.59,SPY
109820.0,2023-05-15,413.01,SPY
109820.0,2023-05-16,410.25,SPY
109820.0,2023-05-17,415.23,SPY
109820.0,2023-05-18,419.23,SPY
109820.0,2023-05-19,418.62,SPY
109820.0,2023-05-22,418.79,SPY
109820.0,2023-05-23,414.09,SPY
109820.0,2023-05-24,411.09,SPY
109820.0,2023-05-25,414.65,SPY
109820.0,2023-05-26,420.02,SPY
109820.0,2023-05-30,420.18,SPY
109820.0,2023-05-31,417.85,SPY
109820.0,2023-06-01,421.82,SPY
109820.0,2023-06-02,427.92,SPY
109820.0,2023-06-05,427.1,SPY
109820.0,2023-06-06,428.03,SPY
109820.0,2023-06-07,426.55,SPY
109820.0,2023-06-08,429.13,SPY
109820.0,2023-06-09,429.9,SPY
109820.0,2023-06-12,433.8,SPY
109820.0,2023-06-13,436.66,SPY
109820.0,2023-06-14,437.18,SPY
109820.0,2023-06-15,442.6,SPY
109820.0,2023-06-16,439.46,SPY
109820.0,2023-06-20,437.18,SPY
109820.0,2023-06-21,434.94,SPY
109820.0,2023-06-22,436.51,SPY
109820.0,2023-06-23,433.21,SPY
109820.0,2023-06-26,431.44,SPY
109820.0,2023-06-27,436.17,SPY
109820.0,2023-06-28,436.39,SPY
109820.0,2023-06-29,438.11,SPY
109820.0,2023-06-30,443.28,SPY
109820.0,2023-07-03,443.79,SPY
109820.0,2023-07-05,443.13,SPY
109820.0,2023-07-06,439.66,SPY
109820.0,2023-07-07,438.55,SPY
109820.0,2023-07-10,439.66,SPY
109820.0,2023-07-11,442.46,SPY
109820.0,2023-07-12,446.02,SPY
109820.0,2023-07-13,449.56,SPY
109820.0,2023-07-14,449.28,SPY
109820.0,2023-07-17,450.84,SPY
109820.0,2023-07-18,454.19,SPY
109820.0,2023-07-19,455.2,SPY
109820.0,2023-07-20,452.18,SPY
109820.0,2023-07-21,452.18,SPY
109820.0,2023-07-24,454.2,SPY
109820.0,2023-07-25,455.44,SPY
109820.0,2023-07-26,455.51,SPY
109820.0,2023-07-27,452.49,SPY
109820.0,2023-07-28,456.92,SPY
109820.0,2023-07-31,457.79,SPY
109820.0,2023-08-01,456.48,SPY
109820.0,2023-08-02,450.13,SPY
109820.0,2023-08-03,448.84,SPY
109820.0,2023-08-04,446.81,SPY
109820.0,2023-08-07,450.71,SPY
109820.0,2023-08-08,448.75,SPY
109820.0,2023-08-09,445.75,SPY
109820.0,2023-08-10,445.91,SPY
109820.0,2023-08-11,445.65,SPY
109820.0,2023-08-14,448.11,SPY
109820.0,2023-08-15,442.89,SPY
109820.0,2023-08-16,439.64,SPY
109820.0,2023-08-17,436.29,SPY
109820.0,2023-08-18,436.5,SPY
109820.0,2023-08-21,439.34,SPY
109820.0,2023-08-22,438.15,SPY
109820.0,2023-08-23,443.03,SPY
109820.0,2023-08-24,436.89,SPY
109820.0,2023-08-25,439.97,SPY
109820.0,2023-08-28,442.76,SPY
109820.0,2023-08-29,449.16,SPY
109820.0,2023-08-30,451.01,SPY
109820.0,2023-08-31,450.35,SPY
109820.0,2023-09-01,451.19,SPY
109820.0,2023-09-05,449.24,SPY
109820.0,2023-09-06,446.22,SPY
109820.0,2023-09-07,444.85,SPY
109820.0,2023-09-08,445.52,SPY
109820.0,2023-09-11,448.45,SPY
109820.0,2023-09-12,445.99,SPY
109820.0,2023-09-13,446.51,SPY
109820.0,2023-09-14,450.36,SPY
109820.0,2023-09-15,443.37,SPY
109820.0,2023-09-18,443.63,SPY
109820.0,2023-09-19,442.71,SPY
109820.0,2023-09-20,438.64,SPY
109820.0,2023-09-21,431.39,SPY
109820.0,2023-09-22,430.42,SPY
109820.0,2023-09-25,432.23,SPY
109820.0,2023-09-26,425.88,SPY
109820.0,2023-09-27,426.05,SPY
109820.0,2023-09-28,428.52,SPY
109820.0,2023-09-29,427.48,SPY
109820.0,2023-10-02,427.31,SPY
109820.0,2023-10-03,421.59,SPY
109820.0,2023-10-04,424.66,SPY
109820.0,2023-10-05,424.5,SPY
109820.0,2023-10-06,429.54,SPY
109820.0,2023-10-09,432.29,SPY
109820.0,2023-10-10,434.54,SPY
109820.0,2023-10-11,436.32,SPY
109820.0,2023-10-12,433.66,SPY
109820.0,2023-10-13,431.5,SPY
109820.0,2023-10-16,436.04,SPY
109820.0,2023-10-17,436.02,SPY
109820.0,2023-10-18,430.21,SPY
109820.0,2023-10-19,426.43,SPY
109820.0,2023-10-20,421.19,SPY
109820.0,2023-10-23,420.46,SPY
109820.0,2023-10-24,423.63,SPY
109820.0,2023-10-25,417.55,SPY
109820.0,2023-10-26,412.55,SPY
109820.0,2023-10-27,410.68,SPY
109820.0,2023-10-30,415.59,SPY
109820.0,2023-10-31,418.2,SPY
109820.0,2023-11-01,422.66,SPY
109820.0,2023-11-02,430.76,SPY
109820.0,2023-11-03,434.69,SPY
109820.0,2023-11-06,435.69,SPY
109820.0,2023-11-07,436.93,SPY
109820.0,2023-11-08,437.25,SPY
109820.0,2023-11-09,433.84,SPY
109820.0,2023-11-10,440.61,SPY
109820.0,2023-11-13,440.19,SPY
109820.0,2023-11-14,448.73,SPY
109820.0,2023-11-15,449.68,SPY
109820.0,2023-11-16,450.23,SPY
109820.0,2023-11-17,450.79,SPY
109820.0,2023-11-20,454.26,SPY
109820.0,2023-11-21,453.27,SPY
109820.0,2023-11-22,455.02,SPY
109820.0,2023-11-24,455.3,SPY
109820.0,2023-11-27,454.48,SPY
109820.0,2023-11-28,454.93,SPY
109820.0,2023-11-29,454.61,SPY
109820.0,2023-11-30,456.4,SPY
109820.0,2023-12-01,459.1,SPY
109820.0,2023-12-04,456.69,SPY
109820.0,2023-12-05,456.6,SPY
109820.0,2023-12-06,454.76,SPY
109820.0,2023-12-07,458.23,SPY
109820.0,2023-12-08,460.2,SPY
109820.0,2023-12-11,461.99,SPY
109820.0,2023-12-12,464.1,SPY
109820.0,2023-12-13,470.5,SPY
109820.0,2023-12-14,472.01,SPY
109820.0,2023-12-15,469.33,SPY
109820.0,2023-12-18,471.97,SPY
109820.0,2023-12-19,474.84,SPY
109820.0,2023-12-20,468.26,SPY
109820.0,2023-12-21,472.7,SPY
109820.0,2023-12-22,473.65,SPY
109820.0,2023-12-26,475.65,SPY
109820.0,2023-12-27,476.51,SPY
109820.0,2023-12-28,476.69,SPY
109820.0,2023-12-29,475.31,SPY
109820.0,2024-01-02,472.65,SPY
109820.0,2024-01-03,468.79,SPY
109820.0,2024-01-04,467.28,SPY
109820.0,2024-01-05,467.92,SPY
109820.0,2024-01-08,474.6,SPY
109820.0,2024-01-09,473.88,SPY
109820.0,2024-01-10,476.56,SPY
109820.0,2024-01-11,476.35,SPY
109820.0,2024-01-12,476.68,SPY
109820.0,2024-01-16,474.93,SPY
109820.0,2024-01-17,472.29,SPY
109820.0,2024-01-18,476.49,SPY
109820.0,2024-01-19,482.43,SPY
109820.0,2024-01-22,483.45,SPY
109820.0,2024-01-23,484.86,SPY
109820.0,2024-01-24,485.39,SPY
109820.0,2024-01-25,488.03,SPY
109820.0,2024-01-26,487.41,SPY
109820.0,2024-01-29,491.27,SPY
109820.0,2024-01-30,490.89,SPY
109820.0,2024-01-31,482.88,SPY
109820.0,2024-02-01,489.2,SPY
109820.0,2024-02-02,494.35,SPY
109820.0,2024-02-05,492.55,SPY
109820.0,2024-02-06,493.98,SPY
109820.0,2024-02-07,498.1,SPY
109820.0,2024-02-08,498.32,SPY
109820.0,2024-02-09,501.2,SPY
109820.0,2024-02-12,500.98,SPY
109820.0,2024-02-13,494.08,SPY
109820.0,2024-02-14,498.57,SPY
109820.0,2024-02-15,502.01,SPY
109820.0,2024-02-16,499.51,SPY
109820.0,2024-02-20,496.76,SPY
109820.0,2024-02-21,497.21,SPY
109820.0,2024-02-22,507.5,SPY
109820.0,2024-02-23,507.85,SPY
109820.0,2024-02-26,505.99,SPY
109820.0,2024-02-27,506.93,SPY
109820.0,2024-02-28,506.26,SPY
109820.0,2024-02-29,508.08,SPY
109820.0,2024-03-01,512.85,SPY
109820.0,2024-03-04,512.3,SPY
109820.0,2024-03-05,507.18,SPY
109820.0,2024-03-06,509.75,SPY
109820.0,2024-03-07,514.81,SPY
109820.0,2024-03-08,511.72,SPY
109820.0,2024-03-11,511.28,SPY
109820.0,2024-03-12,516.78,SPY
109820.0,2024-03-13,515.97,SPY
109820.0,2024-03-14,514.95,SPY
109820.0,2024-03-15,509.83,SPY
109820.0,2024-03-18,512.86,SPY
109820.0,2024-03-19,515.71,SPY
109820.0,2024-03-20,520.48,SPY
109820.0,2024-03-21,522.2,SPY
109820.0,2024-03-22,521.21,SPY
109820.0,2024-03-25,519.77,SPY
109820.0,2024-03-26,518.81,SPY
109820.0,2024-03-27,523.17,SPY
109820.0,2024-03-28,523.07,SPY
109820.0,2024-04-01,522.16,SPY
109820.0,2024-04-02,518.84,SPY
109820.0,2024-04-03,519.41,SPY
109820.0,2024-04-04,513.07,SPY
109820.0,2024-04-05,518.43,SPY
109820.0,2024-04-08,518.72,SPY
109820.0,2024-04-09,519.32,SPY
109820.0,2024-04-10,514.12,SPY
109820.0,2024-04-11,518.0,SPY
109820.0,2024-04-12,510.85,SPY
109820.0,2024-04-15,504.45,SPY
109820.0,2024-04-16,503.53,SPY
109820.0,2024-04-17,500.55,SPY
109820.0,2024-04-18,499.52,SPY
109820.0,2024-04-19,495.16,SPY
109820.0,2024-04-22,499.72,SPY
109820.0,2024-04-23,505.65,SPY
109820.0,2024-04-24,505.41,SPY
109820.0,2024-04-25,503.49,SPY
109820.0,2024-04-26,508.26,SPY
109820.0,2024-04-29,510.06,SPY
109820.0,2024-04-30,501.98,SPY
109820.0,2024-05-01,500.35,SPY
109820.0,2024-05-02,505.03,SPY
109820.0,2024-05-03,511.29,SPY
109820.0,2024-05-06,516.57,SPY
109820.0,2024-05-07,517.14,SPY
109820.0,2024-05-08,517.19,SPY
109820.0,2024-05-09,520.17,SPY
109820.0,2024-05-10,520.84,SPY
109820.0,2024-05-13,520.91,SPY
109820.0,2024-05-14,523.3,SPY
109820.0,2024-05-15,529.78,SPY
109820.0,2024-05-16,528.69,SPY
109820.0,2024-05-17,529.45,SPY
109820.0,2024-05-20,530.06,SPY
109820.0,2024-05-21,531.36,SPY
109820.0,2024-05-22,529.83,SPY
109820.0,2024-05-23,525.96,SPY
109820.0,2024-05-24,529.44,SPY
109820.0,2024-05-28,529.81,SPY
109820.0,2024-05-29,526.1,SPY
109820.0,2024-05-30,522.61,SPY
109820.0,2024-05-31,527.37,SPY
109820.0,2024-06-03,527.8,SPY
109820.0,2024-06-04,528.39,SPY
109820.0,2024-06-05,534.67,SPY
109820.0,2024-06-06,534.66,SPY
109820.0,2024-06-07,534.01,SPY
109820.0,2024-06-10,535.66,SPY
109820.0,2024-06-11,536.95,SPY
109820.0,2024-06-12,541.36,SPY
109820.0,2024-06-13,542.45,SPY
109820.0,2024-06-14,542.78,SPY
109820.0,2024-06-17,547.1,SPY
109820.0,2024-06-18,548.49,SPY
109820.0,2024-06-20,547.0,SPY
109820.0,2024-06-21,544.51,SPY
109820.0,2024-06-24,542.74,SPY
109820.0,2024-06-25,544.83,SPY
109820.0,2024-06-26,545.51,SPY
109820.0,2024-06-27,546.37,SPY
109820.0,2024-06-28,544.22,SPY
109820.0,2024-07-01,545.34,SPY
109820.0,2024-07-02,549.01,SPY
109820.0,2024-07-03,551.46,SPY
109820.0,2024-07-05,554.64,SPY
109820.0,2024-07-08,555.28,SPY
109820.0,2024-07-09,555.82,SPY
109820.0,2024-07-10,561.32,SPY
109820.0,2024-07-11,556.48,SPY
109820.0,2024-07-12,559.99,SPY
109820.0,2024-07-15,561.53,SPY
109820.0,2024-07-16,564.86,SPY
109820.0,2024-07-17,556.94,SPY
109820.0,2024-07-18,552.66,SPY
109820.0,2024-07-19,548.99,SPY
109820.0,2024-07-22,554.65,SPY
109820.0,2024-07-23,553.78,SPY
109820.0,2024-07-24,541.23,SPY
109820.0,2024-07-25,538.41,SPY
109820.0,2024-07-26,544.44,SPY
109820.0,2024-07-29,544.76,SPY
109820.0,2024-07-30,542.0,SPY
109820.0,2024-07-31,550.81,SPY
109820.0,2024-08-01,543.01,SPY
109820.0,2024-08-02,532.9,SPY
109820.0,2024-08-05,517.38,SPY
109820.0,2024-08-06,522.15,SPY
109820.0,2024-08-07,518.66,SPY
109820.0,2024-08-08,530.65,SPY
109820.0,2024-08-09,532.99,SPY
109820.0,2024-08-12,533.27,SPY
109820.0,2024-08-13,542.04,SPY
109820.0,2024-08-14,543.75,SPY
109820.0,2024-08-15,553.07,SPY
109820.0,2024-08-16,554.31,SPY
109820.0,2024-08-19,559.61,SPY
109820.0,2024-08-20,558.7,SPY
109820.0,2024-08-21,560.62,SPY
109820.0,2024-08-22,556.22,SPY
109820.0,2024-08-23,562.13,SPY
109820.0,2024-08-26,560.79,SPY
109820.0,2024-08-27,561.56,SPY
109820.0,2024-08-28,558.3,SPY
109820.0,2024-08-29,558.35,SPY
109820.0,2024-08-30,563.68,SPY
109820.0,2024-09-03,552.08,SPY
109820.0,2024-09-04,550.95,SPY
109820.0,2024-09-05,549.61,SPY
109820.0,2024-09-06,540.36,SPY
109820.0,2024-09-09,546.41,SPY
109820.0,2024-09-10,548.79,SPY
109820.0,2024-09-11,554.42,SPY
109820.0,2024-09-12,559.09,SPY
109820.0,2024-09-13,562.01,SPY
109820.0,2024-09-16,562.84,SPY
109820.0,2024-09-17,563.07,SPY
109820.0,2024-09-18,561.4,SPY
109820.0,2024-09-19,570.98,SPY
109820.0,2024-09-20,568.25,SPY
109820.0,2024-09-23,569.67,SPY
109820.0,2024-09-24,571.3,SPY
109820.0,2024-09-25,570.04,SPY
109820.0,2024-09-26,572.3,SPY
109820.0,2024-09-27,571.47,SPY
109820.0,2024-09-30,573.76,SPY
109820.0,2024-10-01,568.62,SPY
109820.0,2024-10-02,568.86,SPY
109820.0,2024-10-03,567.82,SPY
109820.0,2024-10-04,572.98,SPY
109820.0,2024-10-07,567.8,SPY
109820.0,2024-10-08,573.17,SPY
109820.0,2024-10-09,577.14,SPY
109820.0,2024-10-10,576.13,SPY
109820.0,2024-10-11,579.58,SPY
109820.0,2024-10-14,584.32,SPY
109820.0,2024-10-15,579.78,SPY
109820.0,2024-10-16,582.3,SPY
109820.0,2024-10-17,582.35,SPY
109820.0,2024-10-18,584.59,SPY
109820.0,2024-10-21,583.63,SPY
109820.0,2024-10-22,583.32,SPY
109820.0,2024-10-23,577.99,SPY
109820.0,2024-10-24,579.24,SPY
109820.0,2024-10-25,579.04,SPY
109820.0,2024-10-28,580.83,SPY
109820.0,2024-10-29,581.77,SPY
109820.0,2024-10-30,580.01,SPY
109820.0,2024-10-31,568.64,SPY
109820.0,2024-11-01,571.04,SPY
109820.0,2024-11-04,569.81,SPY
109820.0,2024-11-05,576.7,SPY
109820.0,2024-11-06,591.04,SPY
109820.0,2024-11-07,595.61,SPY
109820.0,2024-11-08,598.19,SPY
109820.0,2024-11-11,598.76,SPY
109820.0,2024-11-12,596.9,SPY
109820.0,2024-11-13,597.19,SPY
109820.0,2024-11-14,593.35,SPY
109820.0,2024-11-15,585.75,SPY
109820.0,2024-11-18,588.15,SPY
109820.0,2024-11-19,590.3,SPY
109820.0,2024-11-20,590.5,SPY
109820.0,2024-11-21,593.67,SPY
109820.0,2024-11-22,595.51,SPY
109820.0,2024-11-25,597.53,SPY
109820.0,2024-11-26,600.65,SPY
109820.0,2024-11-27,598.83,SPY
109820.0,2024-11-29,602.55,SPY
109820.0,2024-12-02,603.63,SPY
109820.0,2024-12-03,603.91,SPY
109820.0,2024-12-04,607.66,SPY
109820.0,2024-12-05,606.66,SPY
109820.0,2024-12-06,607.81,SPY
109820.0,2024-12-09,604.68,SPY
109820.0,2024-12-10,602.8,SPY
109820.0,2024-12-11,607.46,SPY
109820.0,2024-12-12,604.33,SPY
109820.0,2024-12-13,604.21,SPY
109820.0,2024-12-16,606.79,SPY
109820.0,2024-12-17,604.29,SPY
109820.0,2024-12-18,586.28,SPY
109820.0,2024-12-19,586.1,SPY
109820.0,2024-12-20,591.15,SPY
109820.0,2024-12-23,594.69,SPY
109820.0,2024-12-24,601.3,SPY
109820.0,2024-12-26,601.34,SPY
109820.0,2024-12-27,595.01,SPY
109820.0,2024-12-30,588.22,SPY
109820.0,2024-12-31,586.08,SPY
110014.0,2022-01-03,175.52,XLK
110014.0,2022-01-04,173.66,XLK
110014.0,2022-01-05,168.32,XLK
110014.0,2022-01-06,167.47,XLK
110014.0,2022-01-07,165.93,XLK
110014.0,2022-01-10,165.96,XLK
110014.0,2022-01-11,167.95,XLK
110014.0,2022-01-12,168.74,XLK
110014.0,2022-01-13,164.37,XLK
110014.0,2022-01-14,165.76,XLK
110014.0,2022-01-18,161.78,XLK
110014.0,2022-01-19,159.52,XLK
110014.0,2022-01-20,157.46,XLK
110014.0,2022-01-21,154.33,XLK
110014.0,2022-01-24,155.13,XLK
110014.0,2022-01-25,151.54,XLK
110014.0,2022-01-26,152.43,XLK
110014.0,2022-01-27,151.38,XLK
110014.0,2022-01-28,158.0,XLK
110014.0,2022-01-31,161.97,XLK
110014.0,2022-02-01,162.39,XLK
110014.0,2022-02-02,163.71,XLK
110014.0,2022-02-03,158.96,XLK
110014.0,2022-02-04,159.6,XLK
110014.0,2022-02-07,158.54,XLK
110014.0,2022-02-08,160.5,XLK
110014.0,2022-02-09,164.06,XLK
110014.0,2022-02-10,159.77,XLK
110014.0,2022-02-11,154.89,XLK
110014.0,2022-02-14,154.84,XLK
110014.0,2022-02-15,158.91,XLK
110014.0,2022-02-16,158.75,XLK
110014.0,2022-02-17,154.0,XLK
110014.0,2022-02-18,152.44,XLK
110014.0,2022-02-22,151.03,XLK
110014.0,2022-02-23,147.25,XLK
110014.0,2022-02-24,152.28,XLK
110014.0,2022-02-25,154.35,XLK
110014.0,2022-02-28,154.07,XLK
110014.0,2022-03-01,150.99,XLK
110014.0,2022-03-02,154.26,XLK
110014.0,2022-03-03,152.42,XLK
110014.0,2022-03-04,149.75,XLK
110014.0,2022-03-07,144.27,XLK
110014.0,2022-03-08,143.57,XLK
110014.0,2022-03-09,149.25,XLK
110014.0,2022-03-10,146.64,XLK
110014.0,2022-03-11,144.06,XLK
110014.0,2022-03-14,141.39,XLK
110014.0,2022-03-15,146.14,XLK
110014.0,2022-03-16,150.89,XLK
110014.0,2022-03-17,151.96,XLK
110014.0,2022-03-18,155.07,XLK
110014.0,2022-03-21,154.49,XLK
110014.0,2022-03-22,156.71,XLK
110014.0,2022-03-23,154.3,XLK
110014.0,2022-03-24,158.31,XLK
110014.0,2022-03-25,158.22,XLK
110014.0,2022-03-28,160.1,XLK
110014.0,2022-03-29,163.5,XLK
110014.0,2022-03-30,161.32,XLK
110014.0,2022-03-31,158.93,XLK
110014.0,2022-04-01,158.46,XLK
110014.0,2022-04-04,161.47,XLK
110014.0,2022-04-05,158.07,XLK
110014.0,2022-04-06,154.33,XLK
110014.0,2022-04-07,154.57,XLK
110014.0,2022-04-08,152.41,XLK
110014.0,2022-04-11,148.57,XLK
110014.0,2022-04-12,147.91,XLK
110014.0,2022-04-13,150.29,XLK
110014.0,2022-04-14,146.64,XLK
110014.0,2022-04-18,147.12,XLK
110014.0,2022-04-19,149.88,XLK
110014.0,2022-04-20,149.74,XLK
110014.0,2022-04-21,147.2,XLK
110014.0,2022-04-22,143.08,XLK
110014.0,2022-04-25,145.23,XLK
110014.0,2022-04-26,139.82,XLK
110014.0,2022-04-27,141.89,XLK
110014.0,2022-04-28,147.57,XLK
110014.0,2022-04-29,141.42,XLK
110014.0,2022-05-02,143.57,XLK
110014.0,2022-05-03,143.82,XLK
110014.0,2022-05-04,148.87,XLK
110014.0,2022-05-05,141.71,XLK
110014.0,2022-05-06,140.57,XLK
110014.0,2022-05-09,135.13,XLK
110014.0,2022-05-10,137.19,XLK
110014.0,2022-05-11,132.86,XLK
110014.0,2022-05-12,131.49,XLK
110014.0,2022-05-13,135.86,XLK
110014.0,2022-05-16,134.66,XLK
110014.0,2022-05-17,138.56,XLK
110014.0,2022-05-18,132.22,XLK
110014.0,2022-05-19,130.77,XLK
110014.0,2022-05-20,131.06,XLK
110014.0,2022-05-23,134.07,XLK
110014.0,2022-05-24,132.08,XLK
110014.0,2022-05-25,133.62,XLK
110014.0,2022-05-26,136.83,XLK
110014.0,2022-05-27,141.46,XLK
110014.0,2022-05-31,140.45,XLK
110014.0,2022-06-01,140.03,XLK
110014.0,2022-06-02,143.42,XLK
110014.0,2022-06-03,139.99,XLK
110014.0,2022-06-06,140.0,XLK
110014.0,2022-06-07,141.67,XLK
110014.0,2022-06-08,140.07,XLK
110014.0,2022-06-09,136.33,XLK
110014.0,2022-06-10,131.09,XLK
110014.0,2022-06-13,125.28,XLK
110014.0,2022-06-14,126.07,XLK
110014.0,2022-06-15,128.73,XLK
110014.0,2022-06-16,123.49,XLK
110014.0,2022-06-17,124.62,XLK
110014.0,2022-06-21,127.46,XLK
110014.0,2022-06-22,126.92,XLK
110014.0,2022-06-23,128.82,XLK
110014.0,2022-06-24,133.45,XLK
110014.0,2022-06-27,132.55,XLK
110014.0,2022-06-28,128.58,XLK
110014.0,2022-06-29,128.84,XLK
110014.0,2022-06-30,127.12,XLK
110014.0,2022-07-01,127.41,XLK
110014.0,2022-07-05,129.01,XLK
110014.0,2022-07-06,130.12,XLK
110014.0,2022-07-07,132.81,XLK
110014.0,2022-07-08,132.87,XLK
110014.0,2022-07-11,131.04,XLK
110014.0,2022-07-12,129.25,XLK
110014.0,2022-07-13,128.91,XLK
110014.0,2022-07-14,130.09,XLK
110014.0,2022-07-15,132.38,XLK
110014.0,2022-07-18,131.1,XLK
110014.0,2022-07-19,135.1,XLK
110014.0,2022-07-20,137.21,XLK
110014.0,2022-07-21,139.14,XLK
110014.0,2022-07-22,137.22,XLK
110014.0,2022-07-25,136.35,XLK
110014.0,2022-07-26,134.14,XLK
110014.0,2022-07-27,139.91,XLK
110014.0,2022-07-28,142.04,XLK
110014.0,2022-07-29,144.22,XLK
110014.0,2022-08-01,143.91,XLK
110014.0,2022-08-02,142.89,XLK
110014.0,2022-08-03,146.69,XLK
110014.0,2022-08-04,147.36,XLK
110014.0,2022-08-05,147.02,XLK
110014.0,2022-08-08,145.77,XLK
110014.0,2022-08-09,144.31,XLK
110014.0,2022-08-10,148.25,XLK
110014.0,2022-08-11,147.67,XLK
110014.0,2022-08-12,150.61,XLK
110014.0,2022-08-15,151.56,XLK
110014.0,2022-08-16,151.15,XLK
110014.0,2022-08-17,150.07,XLK
110014.0,2022-08-18,150.85,XLK
110014.0,2022-08-19,148.11,XLK
110014.0,2022-08-22,143.98,XLK
110014.0,2022-08-23,143.6,XLK
110014.0,2022-08-24,143.69,XLK
110014.0,2022-08-25,146.12,XLK
110014.0,2022-08-26,139.88,XLK
110014.0,2022-08-29,138.03,XLK
110014.0,2022-08-30,136.59,XLK
110014.0,2022-08-31,135.26,XLK
110014.0,2022-09-01,134.6,XLK
110014.0,2022-09-02,132.85,XLK
110014.0,2022-09-06,131.97,XLK
110014.0,2022-09-07,134.08,XLK
110014.0,2022-09-08,134.54,XLK
110014.0,2022-09-09,137.2,XLK
110014.0,2022-09-12,139.4,XLK
110014.0,2022-09-13,132.0,XLK
110014.0,2022-09-14,132.48,XLK
110014.0,2022-09-15,129.43,XLK
110014.0,2022-09-16,128.71,XLK
110014.0,2022-09-19,129.44,XLK
110014.0,2022-09-20,128.68,XLK
110014.0,2022-09-21,126.67,XLK
110014.0,2022-09-22,125.38,XLK
110014.0,2022-09-23,123.74,XLK
110014.0,2022-09-26,122.88,XLK
110014.0,2022-09-27,123.04,XLK
110014.0,2022-09-28,124.34,XLK
110014.0,2022-09-29,121.1,XLK
110014.0,2022-09-30,118.78,XLK
110014.0,2022-10-03,122.46,XLK
110014.0,2022-10-04,126.57,XLK
110014.0,2022-10-05,126.99,XLK
110014.0,2022-10-06,125.95,XLK
110014.0,2022-10-07,120.77,XLK
110014.0,2022-10-10,118.74,XLK
110014.0,2022-10-11,116.92,XLK
110014.0,2022-10-12,116.56,XLK
110014.0,2022-10-13,120.18,XLK
110014.0,2022-10-14,116.8,XLK
110014.0,2022-10-17,120.36,XLK
110014.0,2022-10-18,121.38,XLK
110014.0,2022-10-19,121.03,XLK
110014.0,2022-10-20,121.1,XLK
110014.0,2022-10-21,124.34,XLK
110014.0,2022-10-24,126.06,XLK
110014.0,2022-10-25,128.47,XLK
110014.0,2022-10-26,125.61,XLK
110014.0,2022-10-27,124.18,XLK
110014.0,2022-10-28,129.58,XLK
110014.0,2022-10-31,127.87,XLK
110014.0,2022-11-01,126.8,XLK
110014.0,2022-11-02,122.42,XLK
110014.0,2022-11-03,118.82,XLK
110014.0,2022-11-04,120.99,XLK
110014.0,2022-11-07,123.01,XLK
110014.0,2022-11-08,124.19,XLK
110014.0,2022-11-09,120.96,XLK
110014.0,2022-11-10,130.9,XLK
110014.0,2022-11-11,133.14,XLK
110014.0,2022-11-14,132.0,XLK
110014.0,2022-11-15,133.6,XLK
110014.0,2022-11-16,131.77,XLK
110014.0,2022-11-17,131.94,XLK
110014.0,2022-11-18,132.09,XLK
110014.0,2022-11-21,130.67,XLK
110014.0,2022-11-22,133.2,XLK
110014.0,2022-11-23,134.38,XLK
110014.0,2022-11-25,133.6,XLK
110014.0,2022-11-28,130.74,XLK
110014.0,2022-11-29,129.46,XLK
110014.0,2022-11-30,135.96,XLK
110014.0,2022-12-01,136.15,XLK
110014.0,2022-12-02,135.36,XLK
110014.0,2022-12-05,133.11,XLK
110014.0,2022-12-06,130.26,XLK
110014.0,2022-12-07,129.6,XLK
110014.0,2022-12-08,131.72,XLK
110014.0,2022-12-09,130.91,XLK
110014.0,2022-12-12,133.77,XLK
110014.0,2022-12-13,135.35,XLK
110014.0,2022-12-14,134.21,XLK
110014.0,2022-12-15,129.19,XLK
110014.0,2022-12-16,127.48,XLK
110014.0,2022-12-19,125.42,XLK
110014.0,2022-12-20,125.61,XLK
110014.0,2022-12-21,127.69,XLK
110014.0,2022-12-22,124.47,XLK
110014.0,2022-12-23,124.6,XLK
110014.0,2022-12-27,123.42,XLK
110014.0,2022-12-28,121.43,XLK
110014.0,2022-12-29,124.61,XLK
110014.0,2022-12-30,124.44,XLK
110014.0,2023-01-03,123.26,XLK
110014.0,2023-01-04,123.58,XLK
110014.0,2023-01-05,121.18,XLK
110014.0,2023-01-06,124.73,XLK
110014.0,2023-01-09,126.18,XLK
110014.0,2023-01-10,126.96,XLK
110014.0,2023-01-11,129.16,XLK
110014.0,2023-01-12,130.12,XLK
110014.0,2023-01-13,130.49,XLK
110014.0,2023-01-17,131.08,XLK
110014.0,2023-01-18,129.39,XLK
110014.0,2023-01-19,127.88,XLK
110014.0,2023-01-20,131.34,XLK
110014.0,2023-01-23,134.33,XLK
110014.0,2023-01-24,134.27,XLK
110014.0,2023-01-25,133.99,XLK
110014.0,2023-01-26,136.13,XLK
110014.0,2023-01-27,136.7,XLK
110014.0,2023-01-30,134.09,XLK
110014.0,2023-01-31,135.96,XLK
110014.0,2023-02-01,139.16,XLK
110014.0,2023-02-02,142.96,XLK
110014.0,2023-02-03,141.77,XLK
110014.0,2023-02-06,140.04,XLK
110014.0,2023-02-07,143.54,XLK
110014.0,2023-02-08,141.81,XLK
110014.0,2023-02-09,141.03,XLK
110014.0,2023-02-10,140.38,XLK
110014.0,2023-02-13,142.81,XLK
110014.0,2023-02-14,143.42,XLK
110014.0,2023-02-15,144.09,XLK
110014.0,2023-02-16,141.59,XLK
110014.0,2023-02-17,139.82,XLK
110014.0,2023-02-21,136.5,XLK
110014.0,2023-02-22,136.3,XLK
110014.0,2023-02-23,138.56,XLK
110014.0,2023-02-24,136.09,XLK
110014.0,2023-02-27,136.82,XLK
110014.0,2023-02-28,136.52,XLK
110014.0,2023-03-01,135.52,XLK
110014.0,2023-03-02,137.19,XLK
110014.0,2023-03-03,140.14,XLK
110014.0,2023-03-06,140.81,XLK
110014.0,2023-03-07,139.06,XLK
110014.0,2023-03-08,140.21,XLK
110014.0,2023-03-09,138.2,XLK
110014.0,2023-03-10,135.77,XLK
110014.0,2023-03-13,136.51,XLK
110014.0,2023-03-14,139.66,XLK
110014.0,2023-03-15,139.74,XLK
110014.0,2023-03-16,143.66,XLK
110014.0,2023-03-17,143.46,XLK
110014.0,2023-03-20,143.53,XLK
110014.0,2023-03-21,144.69,XLK
110014.0,2023-03-22,143.25,XLK
110014.0,2023-03-23,145.58,XLK
110014.0,2023-03-24,145.96,XLK
110014.0,2023-03-27,144.83,XLK
110014.0,2023-03-28,144.15,XLK
110014.0,2023-03-29,147.17,XLK
110014.0,2023-03-30,148.88,XLK
110014.0,2023-03-31,151.01,XLK
110014.0,2023-04-03,150.77,XLK
110014.0,2023-04-04,149.94,XLK
110014.0,2023-04-05,148.23,XLK
110014.0,2023-04-06,149.07,XLK
110014.0,2023-04-10,148.99,XLK
110014.0,2023-04-11,147.59,XLK
110014.0,2023-04-12,146.75,XLK
110014.0,2023-04-13,149.48,XLK
110014.0,2023-04-14,148.65,XLK
110014.0,2023-04-17,149.19,XLK
110014.0,2023-04-18,149.65,XLK
110014.0,2023-04-19,149.22,XLK
110014.0,2023-04-20,148.24,XLK
110014.0,2023-04-21,147.76,XLK
110014.0,2023-04-24,147.11,XLK
110014.0,2023-04-25,143.97,XLK
110014.0,2023-04-26,146.11,XLK
110014.0,2023-04-27,149.21,XLK
110014.0,2023-04-28,150.83,XLK
110014.0,2023-05-01,150.92,XLK
110014.0,2023-05-02,149.51,XLK
110014.0,2023-05-03,148.25,XLK
110014.0,2023-05-04,147.54,XLK
110014.0,2023-05-05,151.24,XLK
110014.0,2023-05-08,151.16,XLK
110014.0,2023-05-09,150.0,XLK
110014.0,2023-05-10,151.83,XLK
110014.0,2023-05-11,151.15,XLK
110014.0,2023-05-12,150.95,XLK
110014.0,2023-05-15,152.2,XLK
110014.0,2023-05-16,152.36,XLK
110014.0,2023-05-17,154.39,XLK
110014.0,2023-05-18,157.55,XLK
110014.0,2023-05-19,157.48,XLK
110014.0,2023-05-22,157.78,XLK
110014.0,2023-05-23,155.45,XLK
110014.0,2023-05-24,154.31,XLK
110014.0,2023-05-25,160.23,XLK
110014.0,2023-05-26,164.78,XLK
110014.0,2023-05-30,165.66,XLK
110014.0,2023-05-31,164.28,XLK
110014.0,2023-06-01,165.95,XLK
110014.0,2023-06-02,166.9,XLK
110014.0,2023-06-05,165.94,XLK
110014.0,2023-06-06,165.9,XLK
110014.0,2023-06-07,163.42,XLK
110014.0,2023-06-08,165.19,XLK
110014.0,2023-06-09,166.01,XLK
110014.0,2023-06-12,169.62,XLK
110014.0,2023-06-13,170.65,XLK
110014.0,2023-06-14,172.41,XLK
110014.0,2023-06-15,174.63,XLK
110014.0,2023-06-16,173.19,XLK
110014.0,2023-06-20,171.66,XLK
110014.0,2023-06-21,169.12,XLK
110014.0,2023-06-22,170.5,XLK
110014.0,2023-06-23,168.65,XLK
110014.0,2023-06-26,167.44,XLK
110014.0,2023-06-27,170.74,XLK
110014.0,2023-06-28,170.84,XLK
110014.0,2023-06-29,171.14,XLK
110014.0,2023-06-30,173.86,XLK
110014.0,2023-07-03,173.49,XLK
110014.0,2023-07-05,172.42,XLK
110014.0,2023-07-06,171.96,XLK
110014.0,2023-07-07,171.21,XLK
110014.0,2023-07-10,171.66,XLK
110014.0,2023-07-11,172.03,XLK
110014.0,2023-07-12,173.98,XLK
110014.0,2023-07-13,176.25,XLK
110014.0,2023-07-14,175.99,XLK
110014.0,2023-07-17,178.24,XLK
110014.0,2023-07-18,180.26,XLK
110014.0,2023-07-19,179.81,XLK
110014.0,2023-07-20,176.22,XLK
110014.0,2023-07-21,176.13,XLK
110014.0,2023-07-24,176.44,XLK
110014.0,2023-07-25,178.46,XLK
110014.0,2023-07-26,176.06,XLK
110014.0,2023-07-27,175.55,XLK
110014.0,2023-07-28,177.94,XLK
110014.0,2023-07-31,178.35,XLK
110014.0,2023-08-01,178.65,XLK
110014.0,2023-08-02,174.23,XLK
110014.0,2023-08-03,173.52,XLK
110014.0,2023-08-04,171.16,XLK
110014.0,2023-08-07,171.64,XLK
110014.0,2023-08-08,170.32,XLK
110014.0,2023-08-09,168.12,XLK
110014.0,2023-08-10,168.14,XLK
110014.0,2023-08-11,166.9,XLK
110014.0,2023-08-14,169.56,XLK
110014.0,2023-08-15,167.89,XLK
110014.0,2023-08-16,166.29,XLK
110014.0,2023-08-17,164.71,XLK
110014.0,2023-08-18,164.96,XLK
110014.0,2023-08-21,168.11,XLK
110014.0,2023-08-22,167.92,XLK
110014.0,2023-08-23,170.95,XLK
110014.0,2023-08-24,167.01,XLK
110014.0,2023-08-25,168.71,XLK
110014.0,2023-08-28,170.09,XLK
110014.0,2023-08-29,173.5,XLK
110014.0,2023-08-30,174.81,XLK
110014.0,2023-08-31,175.66,XLK
110014.0,2023-09-01,176.2,XLK
110014.0,2023-09-05,176.83,XLK
110014.0,2023-09-06,174.96,XLK
110014.0,2023-09-07,172.43,XLK
110014.0,2023-09-08,172.79,XLK
110014.0,2023-09-11,173.69,XLK
110014.0,2023-09-12,170.54,XLK
110014.0,2023-09-13,170.97,XLK
110014.0,2023-09-14,172.21,XLK
110014.0,2023-09-15,168.9,XLK
110014.0,2023-09-18,169.35,XLK
110014.0,2023-09-19,169.26,XLK
110014.0,2023-09-20,166.6,XLK
110014.0,2023-09-21,164.06,XLK
110014.0,2023-09-22,164.41,XLK
110014.0,2023-09-25,164.94,XLK
110014.0,2023-09-26,161.97,XLK
110014.0,2023-09-27,162.22,XLK
110014.0,2023-09-28,163.37,XLK
110014.0,2023-09-29,163.93,XLK
110014.0,2023-10-02,165.69,XLK
110014.0,2023-10-03,162.88,XLK
110014.0,2023-10-04,164.91,XLK
110014.0,2023-10-05,165.13,XLK
110014.0,2023-10-06,168.22,XLK
110014.0,2023-10-09,169.09,XLK
110014.0,2023-10-10,169.35,XLK
110014.0,2023-10-11,170.92,XLK
110014.0,2023-10-12,171.08,XLK
110014.0,2023-10-13,168.63,XLK
110014.0,2023-10-16,170.25,XLK
110014.0,2023-10-17,169.46,XLK
110014.0,2023-10-18,167.72,XLK
110014.0,2023-10-19,166.76,XLK
110014.0,2023-10-20,163.94,XLK
110014.0,2023-10-23,164.13,XLK
110014.0,2023-10-24,165.26,XLK
110014.0,2023-10-25,163.31,XLK
110014.0,2023-10-26,160.19,XLK
110014.0,2023-10-27,161.12,XLK
110014.0,2023-10-30,162.85,XLK
110014.0,2023-10-31,164.01,XLK
110014.0,2023-11-01,167.18,XLK
110014.0,2023-11-02,170.01,XLK
110014.0,2023-11-03,171.76,XLK
110014.0,2023-11-06,172.89,XLK
110014.0,2023-11-07,174.78,XLK
110014.0,2023-11-08,175.77,XLK
110014.0,2023-11-09,174.95,XLK
110014.0,2023-11-10,179.52,XLK
110014.0,2023-11-13,178.47,XLK
110014.0,2023-11-14,182.04,XLK
110014.0,2023-11-15,182.27,XLK
110014.0,2023-11-16,183.18,XLK
110014.0,2023-11-17,182.8,XLK
110014.0,2023-11-20,185.45,XLK
110014.0,2023-11-21,183.95,XLK
110014.0,2023-11-22,184.77,XLK
110014.0,2023-11-24,184.41,XLK
110014.0,2023-11-27,184.4,XLK
110014.0,2023-11-28,184.75,XLK
110014.0,2023-11-29,184.89,XLK
110014.0,2023-11-30,185.16,XLK
110014.0,2023-12-01,185.58,XLK
110014.0,2023-12-04,183.32,XLK
110014.0,2023-12-05,184.42,XLK
110014.0,2023-12-06,182.86,XLK
110014.0,2023-12-07,185.08,XLK
110014.0,2023-12-08,186.66,XLK
110014.0,2023-12-11,188.29,XLK
110014.0,2023-12-12,189.54,XLK
110014.0,2023-12-13,191.21,XLK
110014.0,2023-12-14,190.74,XLK
110014.0,2023-12-15,191.7,XLK
110014.0,2023-12-18,191.85,XLK
110014.0,2023-12-19,192.58,XLK
110014.0,2023-12-20,189.67,XLK
110014.0,2023-12-21,191.8,XLK
110014.0,2023-12-22,192.05,XLK
110014.0,2023-12-26,192.85,XLK
110014.0,2023-12-27,192.84,XLK
110014.0,2023-12-28,193.07,XLK
110014.0,2023-12-29,192.48,XLK
110014.0,2024-01-02,187.44,XLK
110014.0,2024-01-03,185.53,XLK
110014.0,2024-01-04,184.17,XLK
110014.0,2024-01-05,184.12,XLK
110014.0,2024-01-08,188.74,XLK
110014.0,2024-01-09,189.04,XLK
110014.0,2024-01-10,190.65,XLK
110014.0,2024-01-11,191.62,XLK
110014.0,2024-01-12,192.24,XLK
110014.0,2024-01-16,192.72,XLK
110014.0,2024-01-17,191.77,XLK
110014.0,2024-01-18,195.66,XLK
110014.0,2024-01-19,200.17,XLK
110014.0,2024-01-22,201.05,XLK
110014.0,2024-01-23,201.86,XLK
110014.0,2024-01-24,203.25,XLK
110014.0,2024-01-25,204.1,XLK
110014.0,2024-01-26,201.75,XLK
110014.0,2024-01-29,203.6,XLK
110014.0,2024-01-30,201.92,XLK
110014.0,2024-01-31,197.68,XLK
110014.0,2024-02-01,200.17,XLK
110014.0,2024-02-02,202.24,XLK
110014.0,2024-02-05,202.7,XLK
110014.0,2024-02-06,201.77,XLK
110014.0,2024-02-07,204.44,XLK
110014.0,2024-02-08,205.08,XLK
110014.0,2024-02-09,207.84,XLK
110014.0,2024-02-12,206.26,XLK
110014.0,2024-02-13,202.76,XLK
110014.0,2024-02-14,204.88,XLK
110014.0,2024-02-15,204.45,XLK
110014.0,2024-02-16,202.57,XLK
110014.0,2024-02-20,200.51,XLK
110014.0,2024-02-21,199.25,XLK
110014.0,2024-02-22,205.77,XLK
110014.0,2024-02-23,205.29,XLK
110014.0,2024-02-26,205.49,XLK
110014.0,2024-02-27,205.67,XLK
110014.0,2024-02-28,204.7,XLK
110014.0,2024-02-29,206.98,XLK
110014.0,2024-03-01,210.76,XLK
110014.0,2024-03-04,210.76,XLK
110014.0,2024-03-05,205.58,XLK
110014.0,2024-03-06,207.21,XLK
110014.0,2024-03-07,210.48,XLK
110014.0,2024-03-08,207.35,XLK
110014.0,2024-03-11,206.78,XLK
110014.0,2024-03-12,211.02,XLK
110014.0,2024-03-13,208.74,XLK
110014.0,2024-03-14,208.78,XLK
110014.0,2024-03-15,205.63,XLK
110014.0,2024-03-18,206.3,XLK
110014.0,2024-03-19,207.37,XLK
110014.0,2024-03-20,209.69,XLK
110014.0,2024-03-21,209.84,XLK
110014.0,2024-03-22,209.91,XLK
110014.0,2024-03-25,208.52,XLK
110014.0,2024-03-26,207.66,XLK
110014.0,2024-03-27,208.72,XLK
110014.0,2024-03-28,208.27,XLK
110014.0,2024-04-01,208.85,XLK
110014.0,2024-04-02,206.84,XLK
110014.0,2024-04-03,207.39,XLK
110014.0,2024-04-04,204.11,XLK
110014.0,2024-04-05,206.45,XLK
110014.0,2024-04-08,206.21,XLK
110014.0,2024-04-09,207.25,XLK
110014.0,2024-04-10,204.71,XLK
110014.0,2024-04-11,208.8,XLK
110014.0,2024-04-12,205.42,XLK
110014.0,2024-04-15,201.52,XLK
110014.0,2024-04-16,201.76,XLK
110014.0,2024-04-17,198.85,XLK
110014.0,2024-04-18,196.58,XLK
110014.0,2024-04-19,192.53,XLK
110014.0,2024-04-22,194.25,XLK
110014.0,2024-04-23,197.13,XLK
110014.0,2024-04-24,198.03,XLK
110014.0,2024-04-25,197.6,XLK
110014.0,2024-04-26,199.83,XLK
110014.0,2024-04-29,200.69,XLK
110014.0,2024-04-30,196.27,XLK
110014.0,2024-05-01,194.26,XLK
110014.0,2024-05-02,197.06,XLK
110014.0,2024-05-03,202.55,XLK
110014.0,2024-05-06,204.93,XLK
110014.0,2024-05-07,204.26,XLK
110014.0,2024-05-08,204.84,XLK
110014.0,2024-05-09,204.78,XLK
110014.0,2024-05-10,205.54,XLK
110014.0,2024-05-13,206.51,XLK
110014.0,2024-05-14,208.34,XLK
110014.0,2024-05-15,213.03,XLK
110014.0,2024-05-16,212.29,XLK
110014.0,2024-05-17,211.82,XLK
110014.0,2024-05-20,214.31,XLK
110014.0,2024-05-21,214.66,XLK
110014.0,2024-05-22,215.14,XLK
110014.0,2024-05-23,213.39,XLK
110014.0,2024-05-24,215.19,XLK
110014.0,2024-05-28,216.1,XLK
110014.0,2024-05-29,214.73,XLK
110014.0,2024-05-30,209.83,XLK
110014.0,2024-05-31,210.16,XLK
110014.0,2024-06-03,210.69,XLK
110014.0,2024-06-04,211.13,XLK
110014.0,2024-06-05,215.82,XLK
110014.0,2024-06-06,215.1,XLK
110014.0,2024-06-07,215.6,XLK
110014.0,2024-06-10,216.15,XLK
110014.0,2024-06-11,220.17,XLK
110014.0,2024-06-12,225.04,XLK
110014.0,2024-06-13,226.82,XLK
110014.0,2024-06-14,227.67,XLK
110014.0,2024-06-17,231.12,XLK
110014.0,2024-06-18,231.41,XLK
110014.0,2024-06-20,228.81,XLK
110014.0,2024-06-21,228.41,XLK
110014.0,2024-06-24,222.42,XLK
110014.0,2024-06-25,226.5,XLK
110014.0,2024-06-26,226.24,XLK
110014.0,2024-06-27,226.35,XLK
110014.0,2024-06-28,226.23,XLK
110014.0,2024-07-01,227.94,XLK
110014.0,2024-07-02,229.08,XLK
110014.0,2024-07-03,232.17,XLK
110014.0,2024-07-05,232.88,XLK
110014.0,2024-07-08,234.47,XLK
110014.0,2024-07-09,234.28,XLK
110014.0,2024-07-10,237.68,XLK
110014.0,2024-07-11,231.73,XLK
110014.0,2024-07-12,233.8,XLK
110014.0,2024-07-15,234.22,XLK
110014.0,2024-07-16,233.44,XLK
110014.0,2024-07-17,224.36,XLK
110014.0,2024-07-18,224.38,XLK
110014.0,2024-07-19,220.87,XLK
110014.0,2024-07-22,226.1,XLK
110014.0,2024-07-23,225.2,XLK
110014.0,2024-07-24,215.88,XLK
110014.0,2024-07-25,213.57,XLK
110014.0,2024-07-26,216.28,XLK
110014.0,2024-07-29,215.32,XLK
110014.0,2024-07-30,209.91,XLK
110014.0,2024-07-31,218.8,XLK
110014.0,2024-08-01,210.64,XLK
110014.0,2024-08-02,204.72,XLK
110014.0,2024-08-05,197.9,XLK
110014.0,2024-08-06,200.59,XLK
110014.0,2024-08-07,197.34,XLK
110014.0,2024-08-08,204.71,XLK
110014.0,2024-08-09,205.63,XLK
110014.0,2024-08-12,207.31,XLK
110014.0,2024-08-13,213.68,XLK
110014.0,2024-08-14,214.85,XLK
110014.0,2024-08-15,221.03,XLK
110014.0,2024-08-16,221.4,XLK
110014.0,2024-08-19,225.05,XLK
110014.0,2024-08-20,224.26,XLK
110014.0,2024-08-21,225.58,XLK
110014.0,2024-08-22,220.39,XLK
110014.0,2024-08-23,223.96,XLK
110014.0,2024-08-26,221.15,XLK
110014.0,2024-08-27,222.49,XLK
110014.0,2024-08-28,219.42,XLK
110014.0,2024-08-29,217.44,XLK
110014.0,2024-08-30,220.33,XLK
110014.0,2024-09-03,210.21,XLK
110014.0,2024-09-04,209.67,XLK
110014.0,2024-09-05,209.35,XLK
110014.0,2024-09-06,203.92,XLK
110014.0,2024-09-09,207.26,XLK
110014.0,2024-09-10,210.36,XLK
110014.0,2024-09-11,217.54,XLK
110014.0,2024-09-12,219.34,XLK
110014.0,2024-09-13,220.44,XLK
110014.0,2024-09-16,219.6,XLK
110014.0,2024-09-17,219.17,XLK
110014.0,2024-09-18,217.17,XLK
110014.0,2024-09-19,223.62,XLK
110014.0,2024-09-20,222.53,XLK
110014.0,2024-09-23,222.09,XLK
110014.0,2024-09-24,223.61,XLK
110014.0,2024-09-25,224.25,XLK
110014.0,2024-09-26,227.22,XLK
110014.0,2024-09-27,225.1,XLK
110014.0,2024-09-30,225.76,XLK
110014.0,2024-10-01,220.26,XLK
110014.0,2024-10-02,221.89,XLK
110014.0,2024-10-03,222.81,XLK
110014.0,2024-10-04,225.29,XLK
110014.0,2024-10-07,223.74,XLK
110014.0,2024-10-08,227.92,XLK
110014.0,2024-10-09,230.47,XLK
110014.0,2024-10-10,230.41,XLK
110014.0,2024-10-11,230.81,XLK
110014.0,2024-10-14,233.82,XLK
110014.0,2024-10-15,228.68,XLK
110014.0,2024-10-16,229.39,XLK
110014.0,2024-10-17,230.09,XLK
110014.0,2024-10-18,230.91,XLK
110014.0,2024-10-21,231.99,XLK
110014.0,2024-10-22,231.75,XLK
110014.0,2024-10-23,228.43,XLK
110014.0,2024-10-24,229.1,XLK
110014.0,2024-10-25,230.29,XLK
110014.0,2024-10-28,230.22,XLK
110014.0,2024-10-29,233.32,XLK
110014.0,2024-10-30,229.61,XLK
110014.0,2024-10-31,222.24,XLK
110014.0,2024-11-01,223.91,XLK
110014.0,2024-11-04,223.74,XLK
110014.0,2024-11-05,226.89,XLK
110014.0,2024-11-06,233.35,XLK
110014.0,2024-11-07,237.42,XLK
110014.0,2024-11-08,237.16,XLK
110014.0,2024-11-11,235.85,XLK
110014.0,2024-11-12,236.15,XLK
110014.0,2024-11-13,235.33,XLK
110014.0,2024-11-14,234.53,XLK
110014.0,2024-11-15,228.71,XLK
110014.0,2024-11-18,229.45,XLK
110014.0,2024-11-19,231.33,XLK
110014.0,2024-11-20,231.13,XLK
110014.0,2024-11-21,233.48,XLK
110014.0,2024-11-22,233.6,XLK
110014.0,2024-11-25,233.59,XLK
110014.0,2024-11-26,234.76,XLK
110014.0,2024-11-27,231.58,XLK
110014.0,2024-11-29,233.73,XLK
110014.0,2024-12-02,235.95,XLK
110014.0,2024-12-03,236.8,XLK
110014.0,2024-12-04,241.13,XLK
110014.0,2024-12-05,239.91,XLK
110014.0,2024-12-06,240.84,XLK
110014.0,2024-12-09,239.27,XLK
110014.0,2024-12-10,235.95,XLK
110014.0,2024-12-11,239.37,XLK
110014.0,2024-12-12,238.03,XLK
110014.0,2024-12-13,239.05,XLK
110014.0,2024-12-16,241.44,XLK
110014.0,2024-12-17,239.98,XLK
110014.0,2024-12-18,232.24,XLK
110014.0,2024-12-19,232.49,XLK
110014.0,2024-12-20,235.96,XLK
110014.0,2024-12-23,238.07,XLK
110014.0,2024-12-24,240.53,XLK
110014.0,2024-12-26,240.69,XLK
110014.0,2024-12-27,237.49,XLK
110014.0,2024-12-30,234.47,XLK
110014.0,2024-12-31,232.52,XLK
125559.0,2022-01-03,115.44,XBI
125559.0,2022-01-04,111.36,XBI
125559.0,2022-01-05,105.23,XBI
125559.0,2022-01-06,105.2,XBI
125559.0,2022-01-07,102.99,XBI
125559.0,2022-01-10,103.14,XBI
125559.0,2022-01-11,103.89,XBI
125559.0,2022-01-12,100.6,XBI
125559.0,2022-01-13,98.1,XBI
125559.0,2022-01-14,100.49,XBI
125559.0,2022-01-18,94.52,XBI
125559.0,2022-01-19,93.5,XBI
125559.0,2022-01-20,91.97,XBI
125559.0,2022-01-21,90.03,XBI
125559.0,2022-01-24,92.11,XBI
125559.0,2022-01-25,91.38,XBI
125559.0,2022-01-26,89.59,XBI
125559.0,2022-01-27,85.51,XBI
125559.0,2022-01-28,88.58,XBI
125559.0,2022-01-31,93.43,XBI
125559.0,2022-02-01,94.94,XBI
125559.0,2022-02-02,91.85,XBI
125559.0,2022-02-03,89.44,XBI
125559.0,2022-02-04,90.79,XBI
125559.0,2022-02-07,93.25,XBI
125559.0,2022-02-08,92.94,XBI
125559.0,2022-02-09,97.26,XBI
125559.0,2022-02-10,94.36,XBI
125559.0,2022-02-11,93.35,XBI
125559.0,2022-02-14,91.81,XBI
125559.0,2022-02-15,95.64,XBI
125559.0,2022-02-16,94.65,XBI
125559.0,2022-02-17,90.61,XBI
125559.0,2022-02-18,89.39,XBI
125559.0,2022-02-22,88.68,XBI
125559.0,2022-02-23,85.1,XBI
125559.0,2022-02-24,89.0,XBI
125559.0,2022-02-25,89.8,XBI
125559.0,2022-02-28,89.83,XBI
125559.0,2022-03-01,89.09,XBI
125559.0,2022-03-02,89.32,XBI
125559.0,2022-03-03,86.65,XBI
125559.0,2022-03-04,83.9,XBI
125559.0,2022-03-07,83.76,XBI
125559.0,2022-03-08,84.32,XBI
125559.0,2022-03-09,88.44,XBI
125559.0,2022-03-10,87.98,XBI
125559.0,2022-03-11,84.61,XBI
125559.0,2022-03-14,81.07,XBI
125559.0,2022-03-15,82.26,XBI
125559.0,2022-03-16,86.19,XBI
125559.0,2022-03-17,89.56,XBI
125559.0,2022-03-18,92.16,XBI
125559.0,2022-03-21,89.02,XBI
125559.0,2022-03-22,92.21,XBI
125559.0,2022-03-23,89.86,XBI
125559.0,2022-03-24,91.77,XBI
125559.0,2022-03-25,89.62,XBI
125559.0,2022-03-28,89.71,XBI
125559.0,2022-03-29,93.55,XBI
125559.0,2022-03-30,90.68,XBI
125559.0,2022-03-31,89.88,XBI
125559.0,2022-04-01,93.26,XBI
125559.0,2022-04-04,96.09,XBI
125559.0,2022-04-05,93.25,XBI
125559.0,2022-04-06,93.33,XBI
125559.0,2022-04-07,92.43,XBI
125559.0,2022-04-08,90.34,XBI
125559.0,2022-04-11,87.32,XBI
125559.0,2022-04-12,87.15,XBI
125559.0,2022-04-13,90.41,XBI
125559.0,2022-04-14,87.77,XBI
125559.0,2022-04-18,83.59,XBI
125559.0,2022-04-19,84.6,XBI
125559.0,2022-04-20,84.79,XBI
125559.0,2022-04-21,81.16,XBI
125559.0,2022-04-22,79.84,XBI
125559.0,2022-04-25,81.57,XBI
125559.0,2022-04-26,76.69,XBI
125559.0,2022-04-27,75.92,XBI
125559.0,2022-04-28,76.19,XBI
125559.0,2022-04-29,73.83,XBI
125559.0,2022-05-02,76.78,XBI
125559.0,2022-05-03,76.85,XBI
125559.0,2022-05-04,78.58,XBI
125559.0,2022-05-05,73.85,XBI
125559.0,2022-05-06,70.13,XBI
125559.0,2022-05-09,64.37,XBI
125559.0,2022-05-10,67.7,XBI
125559.0,2022-05-11,62.81,XBI
125559.0,2022-05-12,64.91,XBI
125559.0,2022-05-13,68.6,XBI
125559.0,2022-05-16,68.46,XBI
125559.0,2022-05-17,71.46,XBI
125559.0,2022-05-18,67.87,XBI
125559.0,2022-05-19,69.4,XBI
125559.0,2022-05-20,70.33,XBI
125559.0,2022-05-23,70.14,XBI
125559.0,2022-05-24,67.4,XBI
125559.0,2022-05-25,67.73,XBI
125559.0,2022-05-26,68.47,XBI
125559.0,2022-05-27,71.09,XBI
125559.0,2022-05-31,68.78,XBI
125559.0,2022-06-01,67.53,XBI
125559.0,2022-06-02,68.77,XBI
125559.0,2022-06-03,71.21,XBI
125559.0,2022-06-06,69.18,XBI
125559.0,2022-06-07,72.6,XBI
125559.0,2022-06-08,73.21,XBI
125559.0,2022-06-09,70.26,XBI
125559.0,2022-06-10,67.03,XBI
125559.0,2022-06-13,63.32,XBI
125559.0,2022-06-14,63.42,XBI
125559.0,2022-06-15,65.68,XBI
125559.0,2022-06-16,63.97,XBI
125559.0,2022-06-17,67.61,XBI
125559.0,2022-06-21,70.03,XBI
125559.0,2022-06-22,71.79,XBI
125559.0,2022-06-23,76.23,XBI
125559.0,2022-06-24,77.06,XBI
125559.0,2022-06-27,76.8,XBI
125559.0,2022-06-28,74.06,XBI
125559.0,2022-06-29,74.8,XBI
125559.0,2022-06-30,74.27,XBI
125559.0,2022-07-01,76.54,XBI
125559.0,2022-07-05,80.99,XBI
125559.0,2022-07-06,81.01,XBI
125559.0,2022-07-07,83.46,XBI
125559.0,2022-07-08,84.43,XBI
125559.0,2022-07-11,80.69,XBI
125559.0,2022-07-12,81.87,XBI
125559.0,2022-07-13,83.24,XBI
125559.0,2022-07-14,81.32,XBI
125559.0,2022-07-15,82.37,XBI
125559.0,2022-07-18,79.74,XBI
125559.0,2022-07-19,83.34,XBI
125559.0,2022-07-20,84.52,XBI
125559.0,2022-07-21,84.2,XBI
125559.0,2022-07-22,80.68,XBI
125559.0,2022-07-25,80.94,XBI
125559.0,2022-07-26,81.3,XBI
125559.0,2022-07-27,83.4,XBI
125559.0,2022-07-28,82.5,XBI
125559.0,2022-07-29,81.13,XBI
125559.0,2022-08-01,79.47,XBI
125559.0,2022-08-02,80.98,XBI
125559.0,2022-08-03,84.06,XBI
125559.0,2022-08-04,88.71,XBI
125559.0,2022-08-05,92.3,XBI
125559.0,2022-08-08,93.89,XBI
125559.0,2022-08-09,90.75,XBI
125559.0,2022-08-10,93.75,XBI
125559.0,2022-08-11,90.78,XBI
125559.0,2022-08-12,93.78,XBI
125559.0,2022-08-15,94.9,XBI
125559.0,2022-08-16,92.39,XBI
125559.0,2022-08-17,89.57,XBI
125559.0,2022-08-18,88.87,XBI
125559.0,2022-08-19,87.27,XBI
125559.0,2022-08-22,85.93,XBI
125559.0,2022-08-23,87.78,XBI
125559.0,2022-08-24,89.63,XBI
125559.0,2022-08-25,89.37,XBI
125559.0,2022-08-26,85.04,XBI
125559.0,2022-08-29,83.96,XBI
125559.0,2022-08-30,83.1,XBI
125559.0,2022-08-31,83.7,XBI
125559.0,2022-09-01,85.52,XBI
125559.0,2022-09-02,83.73,XBI
125559.0,2022-09-06,81.34,XBI
125559.0,2022-09-07,84.79,XBI
125559.0,2022-09-08,87.42,XBI
125559.0,2022-09-09,88.01,XBI
125559.0,2022-09-12,88.68,XBI
125559.0,2022-09-13,84.14,XBI
125559.0,2022-09-14,85.09,XBI
125559.0,2022-09-15,86.2,XBI
125559.0,2022-09-16,83.27,XBI
125559.0,2022-09-19,82.23,XBI
125559.0,2022-09-20,81.99,XBI
125559.0,2022-09-21,79.13,XBI
125559.0,2022-09-22,78.09,XBI
125559.0,2022-09-23,76.65,XBI
125559.0,2022-09-26,75.06,XBI
125559.0,2022-09-27,77.22,XBI
125559.0,2022-09-28,81.2,XBI
125559.0,2022-09-29,78.86,XBI
125559.0,2022-09-30,79.32,XBI
125559.0,2022-10-03,79.98,XBI
125559.0,2022-10-04,83.0,XBI
125559.0,2022-10-05,82.67,XBI
125559.0,2022-10-06,82.67,XBI
125559.0,2022-10-07,79.1,XBI
125559.0,2022-10-10,77.65,XBI
125559.0,2022-10-11,78.27,XBI
125559.0,2022-10-12,78.7,XBI
125559.0,2022-10-13,80.07,XBI
125559.0,2022-10-14,77.82,XBI
125559.0,2022-10-17,80.7,XBI
125559.0,2022-10-18,81.08,XBI
125559.0,2022-10-19,77.11,XBI
125559.0,2022-10-20,76.72,XBI
125559.0,2022-10-21,78.84,XBI
125559.0,2022-10-24,78.48,XBI
125559.0,2022-10-25,80.58,XBI
125559.0,2022-10-26,81.92,XBI
125559.0,2022-10-27,80.91,XBI
125559.0,2022-10-28,83.76,XBI
125559.0,2022-10-31,82.15,XBI
125559.0,2022-11-01,82.82,XBI
125559.0,2022-11-02,81.18,XBI
125559.0,2022-11-03,80.63,XBI
125559.0,2022-11-04,79.96,XBI
125559.0,2022-11-07,79.12,XBI
125559.0,2022-11-08,79.86,XBI
125559.0,2022-11-09,77.2,XBI
125559.0,2022-11-10,83.12,XBI
125559.0,2022-11-11,84.76,XBI
125559.0,2022-11-14,84.07,XBI
125559.0,2022-11-15,83.85,XBI
125559.0,2022-11-16,81.49,XBI
125559.0,2022-11-17,80.54,XBI
125559.0,2022-11-18,81.01,XBI
125559.0,2022-11-21,79.87,XBI
125559.0,2022-11-22,80.97,XBI
125559.0,2022-11-23,81.0,XBI
125559.0,2022-11-25,81.06,XBI
125559.0,2022-11-28,79.65,XBI
125559.0,2022-11-29,79.98,XBI
125559.0,2022-11-30,83.62,XBI
125559.0,2022-12-01,83.09,XBI
125559.0,2022-12-02,85.66,XBI
125559.0,2022-12-05,82.88,XBI
125559.0,2022-12-06,80.59,XBI
125559.0,2022-12-07,81.09,XBI
125559.0,2022-12-08,81.58,XBI
125559.0,2022-12-09,79.53,XBI
125559.0,2022-12-12,81.53,XBI
125559.0,2022-12-13,82.82,XBI
125559.0,2022-12-14,83.09,XBI
125559.0,2022-12-15,80.69,XBI
125559.0,2022-12-16,80.96,XBI
125559.0,2022-12-19,79.3,XBI
125559.0,2022-12-20,80.78,XBI
125559.0,2022-12-21,82.58,XBI
125559.0,2022-12-22,82.82,XBI
125559.0,2022-12-23,80.88,XBI
125559.0,2022-12-27,78.54,XBI
125559.0,2022-12-28,78.83,XBI
125559.0,2022-12-29,82.27,XBI
125559.0,2022-12-30,83.0,XBI
125559.0,2023-01-03,81.53,XBI
125559.0,2023-01-04,83.24,XBI
125559.0,2023-01-05,82.52,XBI
125559.0,2023-01-06,83.16,XBI
125559.0,2023-01-09,81.27,XBI
125559.0,2023-01-10,83.58,XBI
125559.0,2023-01-11,84.38,XBI
125559.0,2023-01-12,87.92,XBI
125559.0,2023-01-13,87.88,XBI
125559.0,2023-01-17,86.86,XBI
125559.0,2023-01-18,85.78,XBI
125559.0,2023-01-19,84.89,XBI
125559.0,2023-01-20,86.99,XBI
125559.0,2023-01-23,87.16,XBI
125559.0,2023-01-24,88.82,XBI
125559.0,2023-01-25,88.9,XBI
125559.0,2023-01-26,88.59,XBI
125559.0,2023-01-27,89.39,XBI
125559.0,2023-01-30,87.1,XBI
125559.0,2023-01-31,88.9,XBI
125559.0,2023-02-01,89.74,XBI
125559.0,2023-02-02,91.97,XBI
125559.0,2023-02-03,90.39,XBI
125559.0,2023-02-06,89.7,XBI
125559.0,2023-02-07,90.32,XBI
125559.0,2023-02-08,87.19,XBI
125559.0,2023-02-09,86.09,XBI
125559.0,2023-02-10,85.62,XBI
125559.0,2023-02-13,85.56,XBI
125559.0,2023-02-14,85.88,XBI
125559.0,2023-02-15,86.06,XBI
125559.0,2023-02-16,84.77,XBI
125559.0,2023-02-17,86.8,XBI
125559.0,2023-02-21,82.77,XBI
125559.0,2023-02-22,83.63,XBI
125559.0,2023-02-23,83.47,XBI
125559.0,2023-02-24,81.47,XBI
125559.0,2023-02-27,82.13,XBI
125559.0,2023-02-28,82.85,XBI
125559.0,2023-03-01,83.1,XBI
125559.0,2023-03-02,82.42,XBI
125559.0,2023-03-03,83.59,XBI
125559.0,2023-03-06,82.17,XBI
125559.0,2023-03-07,82.07,XBI
125559.0,2023-03-08,81.23,XBI
125559.0,2023-03-09,78.73,XBI
125559.0,2023-03-10,75.66,XBI
125559.0,2023-03-13,77.86,XBI
125559.0,2023-03-14,79.03,XBI
125559.0,2023-03-15,78.05,XBI
125559.0,2023-03-16,78.23,XBI
125559.0,2023-03-17,76.5,XBI
125559.0,2023-03-20,76.78,XBI
125559.0,2023-03-21,76.02,XBI
125559.0,2023-03-22,73.13,XBI
125559.0,2023-03-23,73.72,XBI
125559.0,2023-03-24,74.19,XBI
125559.0,2023-03-27,74.95,XBI
125559.0,2023-03-28,74.45,XBI
125559.0,2023-03-29,76.32,XBI
125559.0,2023-03-30,74.67,XBI
125559.0,2023-03-31,76.21,XBI
125559.0,2023-04-03,77.06,XBI
125559.0,2023-04-04,75.57,XBI
125559.0,2023-04-05,75.38,XBI
125559.0,2023-04-06,76.87,XBI
125559.0,2023-04-10,76.15,XBI
125559.0,2023-04-11,76.88,XBI
125559.0,2023-04-12,76.05,XBI
125559.0,2023-04-13,79.43,XBI
125559.0,2023-04-14,78.19,XBI
125559.0,2023-04-17,81.83,XBI
125559.0,2023-04-18,81.33,XBI
125559.0,2023-04-19,82.35,XBI
125559.0,2023-04-20,80.62,XBI
125559.0,2023-04-21,82.27,XBI
125559.0,2023-04-24,81.22,XBI
125559.0,2023-04-25,80.01,XBI
125559.0,2023-04-26,79.35,XBI
125559.0,2023-04-27,78.8,XBI
125559.0,2023-04-28,80.2,XBI
125559.0,2023-05-01,82.07,XBI
125559.0,2023-05-02,79.73,XBI
125559.0,2023-05-03,83.21,XBI
125559.0,2023-05-04,83.98,XBI
125559.0,2023-05-05,85.38,XBI
125559.0,2023-05-08,85.0,XBI
125559.0,2023-05-09,85.91,XBI
125559.0,2023-05-10,87.28,XBI
125559.0,2023-05-11,86.01,XBI
125559.0,2023-05-12,85.43,XBI
125559.0,2023-05-15,87.55,XBI
125559.0,2023-05-16,85.03,XBI
125559.0,2023-05-17,85.74,XBI
125559.0,2023-05-18,84.73,XBI
125559.0,2023-05-19,85.37,XBI
125559.0,2023-05-22,87.47,XBI
125559.0,2023-05-23,87.49,XBI
125559.0,2023-05-24,85.79,XBI
125559.0,2023-05-25,83.55,XBI
125559.0,2023-05-26,84.31,XBI
125559.0,2023-05-30,83.14,XBI
125559.0,2023-05-31,83.92,XBI
125559.0,2023-06-01,85.08,XBI
125559.0,2023-06-02,86.43,XBI
125559.0,2023-06-05,86.71,XBI
125559.0,2023-06-06,88.12,XBI
125559.0,2023-06-07,88.21,XBI
125559.0,2023-06-08,88.12,XBI
125559.0,2023-06-09,87.66,XBI
125559.0,2023-06-12,88.61,XBI
125559.0,2023-06-13,90.23,XBI
125559.0,2023-06-14,88.89,XBI
125559.0,2023-06-15,89.19,XBI
125559.0,2023-06-16,87.67,XBI
125559.0,2023-06-20,87.64,XBI
125559.0,2023-06-21,87.16,XBI
125559.0,2023-06-22,86.59,XBI
125559.0,2023-06-23,85.12,XBI
125559.0,2023-06-26,83.17,XBI
125559.0,2023-06-27,82.92,XBI
125559.0,2023-06-28,83.98,XBI
125559.0,2023-06-29,82.62,XBI
125559.0,2023-06-30,83.2,XBI
125559.0,2023-07-03,82.94,XBI
125559.0,2023-07-05,83.01,XBI
125559.0,2023-07-06,81.72,XBI
125559.0,2023-07-07,81.78,XBI
125559.0,2023-07-10,84.23,XBI
125559.0,2023-07-11,83.83,XBI
125559.0,2023-07-12,84.78,XBI
125559.0,2023-07-13,84.68,XBI
125559.0,2023-07-14,84.42,XBI
125559.0,2023-07-17,85.76,XBI
125559.0,2023-07-18,85.58,XBI
125559.0,2023-07-19,85.76,XBI
125559.0,2023-07-20,84.33,XBI
125559.0,2023-07-21,84.97,XBI
125559.0,2023-07-24,83.42,XBI
125559.0,2023-07-25,83.16,XBI
125559.0,2023-07-26,83.05,XBI
125559.0,2023-07-27,81.77,XBI
125559.0,2023-07-28,83.81,XBI
125559.0,2023-07-31,84.29,XBI
125559.0,2023-08-01,83.3,XBI
125559.0,2023-08-02,82.06,XBI
125559.0,2023-08-03,81.27,XBI
125559.0,2023-08-04,81.22,XBI
125559.0,2023-08-07,78.69,XBI
125559.0,2023-08-08,79.33,XBI
125559.0,2023-08-09,79.26,XBI
125559.0,2023-08-10,79.94,XBI
125559.0,2023-08-11,79.87,XBI
125559.0,2023-08-14,80.03,XBI
125559.0,2023-08-15,79.82,XBI
125559.0,2023-08-16,78.08,XBI
125559.0,2023-08-17,76.95,XBI
125559.0,2023-08-18,77.53,XBI
125559.0,2023-08-21,78.39,XBI
125559.0,2023-08-22,78.37,XBI
125559.0,2023-08-23,78.86,XBI
125559.0,2023-08-24,77.82,XBI
125559.0,2023-08-25,78.69,XBI
125559.0,2023-08-28,78.93,XBI
125559.0,2023-08-29,79.29,XBI
125559.0,2023-08-30,79.68,XBI
125559.0,2023-08-31,79.2,XBI
125559.0,2023-09-01,81.13,XBI
125559.0,2023-09-05,79.65,XBI
125559.0,2023-09-06,79.89,XBI
125559.0,2023-09-07,78.76,XBI
125559.0,2023-09-08,78.65,XBI
125559.0,2023-09-11,78.83,XBI
125559.0,2023-09-12,79.13,XBI
125559.0,2023-09-13,78.29,XBI
125559.0,2023-09-14,78.21,XBI
125559.0,2023-09-15,77.11,XBI
125559.0,2023-09-18,75.95,XBI
125559.0,2023-09-19,75.99,XBI
125559.0,2023-09-20,74.34,XBI
125559.0,2023-09-21,73.7,XBI
125559.0,2023-09-22,72.96,XBI
125559.0,2023-09-25,71.88,XBI
125559.0,2023-09-26,73.21,XBI
125559.0,2023-09-27,73.99,XBI
125559.0,2023-09-28,73.77,XBI
125559.0,2023-09-29,73.02,XBI
125559.0,2023-10-02,70.65,XBI
125559.0,2023-10-03,70.55,XBI
125559.0,2023-10-04,69.88,XBI
125559.0,2023-10-05,72.15,XBI
125559.0,2023-10-06,72.23,XBI
125559.0,2023-10-09,71.66,XBI
125559.0,2023-10-10,72.1,XBI
125559.0,2023-10-11,71.32,XBI
125559.0,2023-10-12,68.72,XBI
125559.0,2023-10-13,69.6,XBI
125559.0,2023-10-16,70.21,XBI
125559.0,2023-10-17,70.3,XBI
125559.0,2023-10-18,68.49,XBI
125559.0,2023-10-19,67.09,XBI
125559.0,2023-10-20,66.92,XBI
125559.0,2023-10-23,65.46,XBI
125559.0,2023-10-24,67.09,XBI
125559.0,2023-10-25,65.5,XBI
125559.0,2023-10-26,66.18,XBI
125559.0,2023-10-27,64.12,XBI
125559.0,2023-10-30,65.19,XBI
125559.0,2023-10-31,66.23,XBI
125559.0,2023-11-01,67.6,XBI
125559.0,2023-11-02,68.26,XBI
125559.0,2023-11-03,71.46,XBI
125559.0,2023-11-06,69.88,XBI
125559.0,2023-11-07,71.52,XBI
125559.0,2023-11-08,69.43,XBI
125559.0,2023-11-09,66.59,XBI
125559.0,2023-11-10,66.95,XBI
125559.0,2023-11-13,67.28,XBI
125559.0,2023-11-14,70.91,XBI
125559.0,2023-11-15,71.1,XBI
125559.0,2023-11-16,70.13,XBI
125559.0,2023-11-17,72.66,XBI
125559.0,2023-11-20,73.49,XBI
125559.0,2023-11-21,72.0,XBI
125559.0,2023-11-22,72.8,XBI
125559.0,2023-11-24,73.66,XBI
125559.0,2023-11-27,73.23,XBI
125559.0,2023-11-28,73.03,XBI
125559.0,2023-11-29,73.85,XBI
125559.0,2023-11-30,75.52,XBI
125559.0,2023-12-01,77.83,XBI
125559.0,2023-12-04,79.19,XBI
125559.0,2023-12-05,78.8,XBI
125559.0,2023-12-06,79.54,XBI
125559.0,2023-12-07,80.52,XBI
125559.0,2023-12-08,79.32,XBI
125559.0,2023-12-11,78.86,XBI
125559.0,2023-12-12,80.08,XBI
125559.0,2023-12-13,83.95,XBI
125559.0,2023-12-14,85.48,XBI
125559.0,2023-12-15,85.72,XBI
125559.0,2023-12-18,84.36,XBI
125559.0,2023-12-19,86.5,XBI
125559.0,2023-12-20,82.66,XBI
125559.0,2023-12-21,84.67,XBI
125559.0,2023-12-22,87.62,XBI
125559.0,2023-12-26,89.46,XBI
125559.0,2023-12-27,90.83,XBI
125559.0,2023-12-28,90.86,XBI
125559.0,2023-12-29,89.29,XBI
125559.0,2024-01-02,90.23,XBI
125559.0,2024-01-03,88.2,XBI
125559.0,2024-01-04,89.45,XBI
125559.0,2024-01-05,89.3,XBI
125559.0,2024-01-08,93.42,XBI
125559.0,2024-01-09,93.6,XBI
125559.0,2024-01-10,92.53,XBI
125559.0,2024-01-11,90.47,XBI
125559.0,2024-01-12,90.42,XBI
125559.0,2024-01-16,89.06,XBI
125559.0,2024-01-17,88.34,XBI
125559.0,2024-01-18,87.06,XBI
125559.0,2024-01-19,87.05,XBI
125559.0,2024-01-22,89.01,XBI
125559.0,2024-01-23,89.23,XBI
125559.0,2024-01-24,87.72,XBI
125559.0,2024-01-25,88.5,XBI
125559.0,2024-01-26,88.24,XBI
125559.0,2024-01-29,90.8,XBI
125559.0,2024-01-30,88.77,XBI
125559.0,2024-01-31,87.43,XBI
125559.0,2024-02-01,88.97,XBI
125559.0,2024-02-02,87.97,XBI
125559.0,2024-02-05,88.41,XBI
125559.0,2024-02-06,89.76,XBI
125559.0,2024-02-07,88.07,XBI
125559.0,2024-02-08,89.22,XBI
125559.0,2024-02-09,91.04,XBI
125559.0,2024-02-12,93.1,XBI
125559.0,2024-02-13,88.72,XBI
125559.0,2024-02-14,91.14,XBI
125559.0,2024-02-15,93.27,XBI
125559.0,2024-02-16,93.15,XBI
125559.0,2024-02-20,92.38,XBI
125559.0,2024-02-21,92.47,XBI
125559.0,2024-02-22,94.15,XBI
125559.0,2024-02-23,94.75,XBI
125559.0,2024-02-26,97.34,XBI
125559.0,2024-02-27,102.89,XBI
125559.0,2024-02-28,101.53,XBI
125559.0,2024-02-29,98.42,XBI
125559.0,2024-03-01,101.53,XBI
125559.0,2024-03-04,100.73,XBI
125559.0,2024-03-05,99.46,XBI
125559.0,2024-03-06,100.12,XBI
125559.0,2024-03-07,98.79,XBI
125559.0,2024-03-08,98.95,XBI
125559.0,2024-03-11,96.83,XBI
125559.0,2024-03-12,96.2,XBI
125559.0,2024-03-13,97.1,XBI
125559.0,2024-03-14,94.45,XBI
125559.0,2024-03-15,94.71,XBI
125559.0,2024-03-18,92.95,XBI
125559.0,2024-03-19,93.85,XBI
125559.0,2024-03-20,95.16,XBI
125559.0,2024-03-21,95.2,XBI
125559.0,2024-03-22,93.56,XBI
125559.0,2024-03-25,92.67,XBI
125559.0,2024-03-26,92.69,XBI
125559.0,2024-03-27,94.91,XBI
125559.0,2024-03-28,94.89,XBI
125559.0,2024-04-01,93.85,XBI
125559.0,2024-04-02,90.68,XBI
125559.0,2024-04-03,91.04,XBI
125559.0,2024-04-04,89.49,XBI
125559.0,2024-04-05,90.18,XBI
125559.0,2024-04-08,90.4,XBI
125559.0,2024-04-09,91.64,XBI
125559.0,2024-04-10,89.95,XBI
125559.0,2024-04-11,91.28,XBI
125559.0,2024-04-12,88.15,XBI
125559.0,2024-04-15,86.35,XBI
125559.0,2024-04-16,85.61,XBI
125559.0,2024-04-17,84.65,XBI
125559.0,2024-04-18,83.48,XBI
125559.0,2024-04-19,82.83,XBI
125559.0,2024-04-22,83.75,XBI
125559.0,2024-04-23,84.69,XBI
125559.0,2024-04-24,83.94,XBI
125559.0,2024-04-25,82.22,XBI
125559.0,2024-04-26,83.49,XBI
125559.0,2024-04-29,85.52,XBI
125559.0,2024-04-30,84.62,XBI
125559.0,2024-05-01,87.33,XBI
125559.0,2024-05-02,88.34,XBI
125559.0,2024-05-03,89.98,XBI
125559.0,2024-05-06,90.58,XBI
125559.0,2024-05-07,90.43,XBI
125559.0,2024-05-08,89.11,XBI
125559.0,2024-05-09,88.98,XBI
125559.0,2024-05-10,88.14,XBI
125559.0,2024-05-13,89.88,XBI
125559.0,2024-05-14,90.78,XBI
125559.0,2024-05-15,92.61,XBI
125559.0,2024-05-16,92.59,XBI
125559.0,2024-05-17,91.18,XBI
125559.0,2024-05-20,92.27,XBI
125559.0,2024-05-21,91.57,XBI
125559.0,2024-05-22,92.17,XBI
125559.0,2024-05-23,89.32,XBI
125559.0,2024-05-24,88.83,XBI
125559.0,2024-05-28,89.13,XBI
125559.0,2024-05-29,87.48,XBI
125559.0,2024-05-30,88.96,XBI
125559.0,2024-05-31,89.13,XBI
125559.0,2024-06-03,91.42,XBI
125559.0,2024-06-04,91.17,XBI
125559.0,2024-06-05,94.12,XBI
125559.0,2024-06-06,92.82,XBI
125559.0,2024-06-07,91.39,XBI
125559.0,2024-06-10,91.99,XBI
125559.0,2024-06-11,92.46,XBI
125559.0,2024-06-12,93.82,XBI
125559.0,2024-06-13,93.82,XBI
125559.0,2024-06-14,91.75,XBI
125559.0,2024-06-17,90.59,XBI
125559.0,2024-06-18,89.7,XBI
125559.0,2024-06-20,89.89,XBI
125559.0,2024-06-21,92.38,XBI
125559.0,2024-06-24,93.74,XBI
125559.0,2024-06-25,93.08,XBI
125559.0,2024-06-26,92.19,XBI
125559.0,2024-06-27,92.86,XBI
125559.0,2024-06-28,92.71,XBI
125559.0,2024-07-01,93.04,XBI
125559.0,2024-07-02,91.36,XBI
125559.0,2024-07-03,90.87,XBI
125559.0,2024-07-05,91.71,XBI
125559.0,2024-07-08,93.23,XBI
125559.0,2024-07-09,94.37,XBI
125559.0,2024-07-10,95.48,XBI
125559.0,2024-07-11,97.96,XBI
125559.0,2024-07-12,98.96,XBI
125559.0,2024-07-15,99.9,XBI
125559.0,2024-07-16,101.85,XBI
125559.0,2024-07-17,99.8,XBI
125559.0,2024-07-18,97.54,XBI
125559.0,2024-07-19,97.51,XBI
125559.0,2024-07-22,98.89,XBI
125559.0,2024-07-23,99.76,XBI
125559.0,2024-07-24,99.04,XBI
125559.0,2024-07-25,100.98,XBI
125559.0,2024-07-26,101.54,XBI
125559.0,2024-07-29,100.27,XBI
125559.0,2024-07-30,98.99,XBI
125559.0,2024-07-31,99.06,XBI
125559.0,2024-08-01,98.67,XBI
125559.0,2024-08-02,96.47,XBI
125559.0,2024-08-05,93.43,XBI
125559.0,2024-08-06,94.44,XBI
125559.0,2024-08-07,92.36,XBI
125559.0,2024-08-08,95.0,XBI
125559.0,2024-08-09,95.54,XBI
125559.0,2024-08-12,95.81,XBI
125559.0,2024-08-13,96.95,XBI
125559.0,2024-08-14,96.09,XBI
125559.0,2024-08-15,97.71,XBI
125559.0,2024-08-16,97.77,XBI
125559.0,2024-08-19,100.85,XBI
125559.0,2024-08-20,100.83,XBI
125559.0,2024-08-21,101.82,XBI
125559.0,2024-08-22,100.14,XBI
125559.0,2024-08-23,101.51,XBI
125559.0,2024-08-26,101.7,XBI
125559.0,2024-08-27,101.07,XBI
125559.0,2024-08-28,100.54,XBI
125559.0,2024-08-29,100.91,XBI
125559.0,2024-08-30,101.26,XBI
125559.0,2024-09-03,98.66,XBI
125559.0,2024-09-04,98.52,XBI
125559.0,2024-09-05,98.08,XBI
125559.0,2024-09-06,96.52,XBI
125559.0,2024-09-09,97.89,XBI
125559.0,2024-09-10,98.1,XBI
125559.0,2024-09-11,98.9,XBI
125559.0,2024-09-12,99.06,XBI
125559.0,2024-09-13,101.21,XBI
125559.0,2024-09-16,101.28,XBI
125559.0,2024-09-17,100.95,XBI
125559.0,2024-09-18,100.81,XBI
125559.0,2024-09-19,102.43,XBI
125559.0,2024-09-20,101.61,XBI
125559.0,2024-09-23,99.19,XBI
125559.0,2024-09-24,98.71,XBI
125559.0,2024-09-25,97.75,XBI
125559.0,2024-09-26,98.19,XBI
125559.0,2024-09-27,98.43,XBI
125559.0,2024-09-30,98.8,XBI
125559.0,2024-10-01,97.97,XBI
125559.0,2024-10-02,98.09,XBI
125559.0,2024-10-03,96.64,XBI
125559.0,2024-10-04,97.51,XBI
125559.0,2024-10-07,96.33,XBI
125559.0,2024-10-08,97.1,XBI
125559.0,2024-10-09,96.31,XBI
125559.0,2024-10-10,96.22,XBI
125559.0,2024-10-11,98.68,XBI
125559.0,2024-10-14,99.07,XBI
125559.0,2024-10-15,99.31,XBI
125559.0,2024-10-16,100.25,XBI
125559.0,2024-10-17,99.3,XBI
125559.0,2024-10-18,99.83,XBI
125559.0,2024-10-21,98.15,XBI
125559.0,2024-10-22,98.27,XBI
125559.0,2024-10-23,96.67,XBI
125559.0,2024-10-24,97.25,XBI
125559.0,2024-10-25,97.15,XBI
125559.0,2024-10-28,98.49,XBI
125559.0,2024-10-29,98.56,XBI
125559.0,2024-10-30,98.42,XBI
125559.0,2024-10-31,97.03,XBI
125559.0,2024-11-01,99.27,XBI
125559.0,2024-11-04,99.22,XBI
125559.0,2024-11-05,100.62,XBI
125559.0,2024-11-06,102.44,XBI
125559.0,2024-11-07,103.01,XBI
125559.0,2024-11-08,104.18,XBI
125559.0,2024-11-11,103.53,XBI
125559.0,2024-11-12,100.51,XBI
125559.0,2024-11-13,100.01,XBI
125559.0,2024-11-14,96.96,XBI
125559.0,2024-11-15,91.83,XBI
125559.0,2024-11-18,91.96,XBI
125559.0,2024-11-19,93.17,XBI
125559.0,2024-11-20,94.01,XBI
125559.0,2024-11-21,94.3,XBI
125559.0,2024-11-22,96.24,XBI
125559.0,2024-11-25,97.63,XBI
125559.0,2024-11-26,98.85,XBI
125559.0,2024-11-27,100.0,XBI
125559.0,2024-11-29,99.62,XBI
125559.0,2024-12-02,99.31,XBI
125559.0,2024-12-03,97.69,XBI
125559.0,2024-12-04,98.79,XBI
125559.0,2024-12-05,97.33,XBI
125559.0,2024-12-06,99.14,XBI
125559.0,2024-12-09,98.24,XBI
125559.0,2024-12-10,97.42,XBI
125559.0,2024-12-11,96.97,XBI
125559.0,2024-12-12,94.2,XBI
125559.0,2024-12-13,93.4,XBI
125559.0,2024-12-16,94.76,XBI
125559.0,2024-12-17,94.59,XBI
125559.0,2024-12-18,89.93,XBI
125559.0,2024-12-19,89.81,XBI
125559.0,2024-12-20,91.28,XBI
125559.0,2024-12-23,91.89,XBI
125559.0,2024-12-24,91.98,XBI
125559.0,2024-12-26,92.65,XBI
125559.0,2024-12-27,91.35,XBI
125559.0,2024-12-30,89.89,XBI
125559.0,2024-12-31,90.06,XBI
